{
"type": "FeatureCollection",
"name": "track_points",
"features": [
{ "type": "Feature", "properties": { "track_fid": 0, "track_seg_id": 0, "track_seg_point_id": 0, "ele": 202.39999389648438, "time": "2026-06-24T11:55:21Z", "ns3_TrackPointExtension": "            <ns3:hr>145</ns3:hr>            <ns3:cad>0</ns3:cad>          " }, "geometry": { "type": "Point", "coordinates": [ -88.0807132, 41.7920193 ] } },
{ "type": "Feature", "properties": { "track_fid": 0, "track_seg_id": 0, "track_seg_point_id": 1, "ele": 202.39999389648438, "time": "2026-06-24T11:55:26Z", "ns3_TrackPointExtension": "            <ns3:hr>142</ns3:hr>            <ns3:cad>0</ns3:cad>          " }, "geometry": { "type": "Point", "coordinates": [ -88.0807284, 41.7919296 ] } },
{ "type": "Feature", "properties": { "track_fid": 0, "track_seg_id": 0, "track_seg_point_id": 2, "ele": 202.39999389648438, "time": "2026-06-24T11:55:29Z", "ns3_TrackPointExtension": "            <ns3:hr>139</ns3:hr>            <ns3:cad>87</ns3:cad>          " }, "geometry": { "type": "Point", "coordinates": [ -88.0807216, 41.7918475 ] } },
{ "type": "Feature", "properties": { "track_fid": 0, "track_seg_id": 0, "track_seg_point_id": 3, "ele": 202.39999389648438, "time": "2026-06-24T11:55:33Z", "ns3_TrackPointExtension": "            <ns3:hr>139</ns3:hr>            <ns3:cad>88</ns3:cad>          " }, "geometry": { "type": "Point", "coordinates": [ -88.080723, 41.7917372 ] } },
{ "type": "Feature", "properties": { "track_fid": 0, "track_seg_id": 0, "track_seg_point_id": 4, "ele": 202.39999389648438, "time": "2026-06-24T11:55:39Z", "ns3_TrackPointExtension": "            <ns3:hr>138</ns3:hr>            <ns3:cad>87</ns3:cad>          " }, "geometry": { "type": "Point", "coordinates": [ -88.0807189, 41.7915746 ] } },
{ "type": "Feature", "properties": { "track_fid": 0, "track_seg_id": 0, "track_seg_point_id": 5, "ele": 202.19999694824219, "time": "2026-06-24T11:55:41Z", "ns3_TrackPointExtension": "            <ns3:hr>141</ns3:hr>            <ns3:cad>87</ns3:cad>          " }, "geometry": { "type": "Point", "coordinates": [ -88.0807091, 41.791521 ] } },
{ "type": "Feature", "properties": { "track_fid": 0, "track_seg_id": 0, "track_seg_point_id": 6, "ele": 202.0, "time": "2026-06-24T11:55:47Z", "ns3_TrackPointExtension": "            <ns3:hr>141</ns3:hr>            <ns3:cad>87</ns3:cad>          " }, "geometry": { "type": "Point", "coordinates": [ -88.0806855, 41.7913604 ] } },
{ "type": "Feature", "properties": { "track_fid": 0, "track_seg_id": 0, "track_seg_point_id": 7, "ele": 202.0, "time": "2026-06-24T11:55:54Z", "ns3_TrackPointExtension": "            <ns3:hr>140</ns3:hr>            <ns3:cad>86</ns3:cad>          " }, "geometry": { "type": "Point", "coordinates": [ -88.0806999, 41.7911666 ] } },
{ "type": "Feature", "properties": { "track_fid": 0, "track_seg_id": 0, "track_seg_point_id": 8, "ele": 202.0, "time": "2026-06-24T11:55:59Z", "ns3_TrackPointExtension": "            <ns3:hr>143</ns3:hr>            <ns3:cad>87</ns3:cad>          " }, "geometry": { "type": "Point", "coordinates": [ -88.0806964, 41.791043 ] } },
{ "type": "Feature", "properties": { "track_fid": 0, "track_seg_id": 0, "track_seg_point_id": 9, "ele": 202.0, "time": "2026-06-24T11:56:02Z", "ns3_TrackPointExtension": "            <ns3:hr>146</ns3:hr>            <ns3:cad>87</ns3:cad>          " }, "geometry": { "type": "Point", "coordinates": [ -88.0807164, 41.7909693 ] } },
{ "type": "Feature", "properties": { "track_fid": 0, "track_seg_id": 0, "track_seg_point_id": 10, "ele": 202.0, "time": "2026-06-24T11:56:03Z", "ns3_TrackPointExtension": "            <ns3:hr>147</ns3:hr>            <ns3:cad>87</ns3:cad>          " }, "geometry": { "type": "Point", "coordinates": [ -88.0807098, 41.790945 ] } },
{ "type": "Feature", "properties": { "track_fid": 0, "track_seg_id": 0, "track_seg_point_id": 11, "ele": 202.0, "time": "2026-06-24T11:56:09Z", "ns3_TrackPointExtension": "            <ns3:hr>150</ns3:hr>            <ns3:cad>87</ns3:cad>          " }, "geometry": { "type": "Point", "coordinates": [ -88.0807095, 41.7907867 ] } },
{ "type": "Feature", "properties": { "track_fid": 0, "track_seg_id": 0, "track_seg_point_id": 12, "ele": 202.0, "time": "2026-06-24T11:56:12Z", "ns3_TrackPointExtension": "            <ns3:hr>149</ns3:hr>            <ns3:cad>87</ns3:cad>          " }, "geometry": { "type": "Point", "coordinates": [ -88.0807185, 41.7907051 ] } },
{ "type": "Feature", "properties": { "track_fid": 0, "track_seg_id": 0, "track_seg_point_id": 13, "ele": 202.0, "time": "2026-06-24T11:56:17Z", "ns3_TrackPointExtension": "            <ns3:hr>146</ns3:hr>            <ns3:cad>90</ns3:cad>          " }, "geometry": { "type": "Point", "coordinates": [ -88.0807425, 41.7905762 ] } },
{ "type": "Feature", "properties": { "track_fid": 0, "track_seg_id": 0, "track_seg_point_id": 14, "ele": 202.0, "time": "2026-06-24T11:56:20Z", "ns3_TrackPointExtension": "            <ns3:hr>146</ns3:hr>            <ns3:cad>88</ns3:cad>          " }, "geometry": { "type": "Point", "coordinates": [ -88.0807436, 41.7905007 ] } },
{ "type": "Feature", "properties": { "track_fid": 0, "track_seg_id": 0, "track_seg_point_id": 15, "ele": 202.0, "time": "2026-06-24T11:56:28Z", "ns3_TrackPointExtension": "            <ns3:hr>147</ns3:hr>            <ns3:cad>88</ns3:cad>          " }, "geometry": { "type": "Point", "coordinates": [ -88.0807604, 41.7903016 ] } },
{ "type": "Feature", "properties": { "track_fid": 0, "track_seg_id": 0, "track_seg_point_id": 16, "ele": 202.0, "time": "2026-06-24T11:56:33Z", "ns3_TrackPointExtension": "            <ns3:hr>151</ns3:hr>            <ns3:cad>87</ns3:cad>          " }, "geometry": { "type": "Point", "coordinates": [ -88.0807763, 41.7901743 ] } },
{ "type": "Feature", "properties": { "track_fid": 0, "track_seg_id": 0, "track_seg_point_id": 17, "ele": 202.0, "time": "2026-06-24T11:56:35Z", "ns3_TrackPointExtension": "            <ns3:hr>154</ns3:hr>            <ns3:cad>88</ns3:cad>          " }, "geometry": { "type": "Point", "coordinates": [ -88.0807826, 41.7901229 ] } },
{ "type": "Feature", "properties": { "track_fid": 0, "track_seg_id": 0, "track_seg_point_id": 18, "ele": 202.0, "time": "2026-06-24T11:56:36Z", "ns3_TrackPointExtension": "            <ns3:hr>155</ns3:hr>            <ns3:cad>88</ns3:cad>          " }, "geometry": { "type": "Point", "coordinates": [ -88.0807869, 41.790095 ] } },
{ "type": "Feature", "properties": { "track_fid": 0, "track_seg_id": 0, "track_seg_point_id": 19, "ele": 202.0, "time": "2026-06-24T11:56:43Z", "ns3_TrackPointExtension": "            <ns3:hr>155</ns3:hr>            <ns3:cad>87</ns3:cad>          " }, "geometry": { "type": "Point", "coordinates": [ -88.0808023, 41.7899018 ] } },
{ "type": "Feature", "properties": { "track_fid": 0, "track_seg_id": 0, "track_seg_point_id": 20, "ele": 202.0, "time": "2026-06-24T11:56:44Z", "ns3_TrackPointExtension": "            <ns3:hr>155</ns3:hr>            <ns3:cad>88</ns3:cad>          " }, "geometry": { "type": "Point", "coordinates": [ -88.0808049, 41.7898757 ] } },
{ "type": "Feature", "properties": { "track_fid": 0, "track_seg_id": 0, "track_seg_point_id": 21, "ele": 202.0, "time": "2026-06-24T11:56:51Z", "ns3_TrackPointExtension": "            <ns3:hr>156</ns3:hr>            <ns3:cad>87</ns3:cad>          " }, "geometry": { "type": "Point", "coordinates": [ -88.0808628, 41.7896975 ] } },
{ "type": "Feature", "properties": { "track_fid": 0, "track_seg_id": 0, "track_seg_point_id": 22, "ele": 202.0, "time": "2026-06-24T11:56:58Z", "ns3_TrackPointExtension": "            <ns3:hr>155</ns3:hr>            <ns3:cad>87</ns3:cad>          " }, "geometry": { "type": "Point", "coordinates": [ -88.0809246, 41.7895339 ] } },
{ "type": "Feature", "properties": { "track_fid": 0, "track_seg_id": 0, "track_seg_point_id": 23, "ele": 202.0, "time": "2026-06-24T11:57:06Z", "ns3_TrackPointExtension": "            <ns3:hr>157</ns3:hr>            <ns3:cad>86</ns3:cad>          " }, "geometry": { "type": "Point", "coordinates": [ -88.08101, 41.7893497 ] } },
{ "type": "Feature", "properties": { "track_fid": 0, "track_seg_id": 0, "track_seg_point_id": 24, "ele": 202.0, "time": "2026-06-24T11:57:14Z", "ns3_TrackPointExtension": "            <ns3:hr>155</ns3:hr>            <ns3:cad>87</ns3:cad>          " }, "geometry": { "type": "Point", "coordinates": [ -88.0810988, 41.7891571 ] } },
{ "type": "Feature", "properties": { "track_fid": 0, "track_seg_id": 0, "track_seg_point_id": 25, "ele": 202.0, "time": "2026-06-24T11:57:16Z", "ns3_TrackPointExtension": "            <ns3:hr>156</ns3:hr>            <ns3:cad>86</ns3:cad>          " }, "geometry": { "type": "Point", "coordinates": [ -88.0811023, 41.7891101 ] } },
{ "type": "Feature", "properties": { "track_fid": 0, "track_seg_id": 0, "track_seg_point_id": 26, "ele": 202.0, "time": "2026-06-24T11:57:22Z", "ns3_TrackPointExtension": "            <ns3:hr>159</ns3:hr>            <ns3:cad>86</ns3:cad>          " }, "geometry": { "type": "Point", "coordinates": [ -88.0811597, 41.7889654 ] } },
{ "type": "Feature", "properties": { "track_fid": 0, "track_seg_id": 0, "track_seg_point_id": 27, "ele": 202.0, "time": "2026-06-24T11:57:25Z", "ns3_TrackPointExtension": "            <ns3:hr>159</ns3:hr>            <ns3:cad>86</ns3:cad>          " }, "geometry": { "type": "Point", "coordinates": [ -88.0811799, 41.7888916 ] } },
{ "type": "Feature", "properties": { "track_fid": 0, "track_seg_id": 0, "track_seg_point_id": 28, "ele": 202.0, "time": "2026-06-24T11:57:33Z", "ns3_TrackPointExtension": "            <ns3:hr>158</ns3:hr>            <ns3:cad>86</ns3:cad>          " }, "geometry": { "type": "Point", "coordinates": [ -88.0812016, 41.7886962 ] } },
{ "type": "Feature", "properties": { "track_fid": 0, "track_seg_id": 0, "track_seg_point_id": 29, "ele": 202.0, "time": "2026-06-24T11:57:34Z", "ns3_TrackPointExtension": "            <ns3:hr>158</ns3:hr>            <ns3:cad>86</ns3:cad>          " }, "geometry": { "type": "Point", "coordinates": [ -88.0811986, 41.7886698 ] } },
{ "type": "Feature", "properties": { "track_fid": 0, "track_seg_id": 0, "track_seg_point_id": 30, "ele": 202.0, "time": "2026-06-24T11:57:41Z", "ns3_TrackPointExtension": "            <ns3:hr>159</ns3:hr>            <ns3:cad>87</ns3:cad>          " }, "geometry": { "type": "Point", "coordinates": [ -88.0811091, 41.7885047 ] } },
{ "type": "Feature", "properties": { "track_fid": 0, "track_seg_id": 0, "track_seg_point_id": 31, "ele": 202.0, "time": "2026-06-24T11:57:48Z", "ns3_TrackPointExtension": "            <ns3:hr>159</ns3:hr>            <ns3:cad>86</ns3:cad>          " }, "geometry": { "type": "Point", "coordinates": [ -88.0808672, 41.7884185 ] } },
{ "type": "Feature", "properties": { "track_fid": 0, "track_seg_id": 0, "track_seg_point_id": 32, "ele": 202.0, "time": "2026-06-24T11:57:53Z", "ns3_TrackPointExtension": "            <ns3:hr>157</ns3:hr>            <ns3:cad>89</ns3:cad>          " }, "geometry": { "type": "Point", "coordinates": [ -88.0806729, 41.7884186 ] } },
{ "type": "Feature", "properties": { "track_fid": 0, "track_seg_id": 0, "track_seg_point_id": 33, "ele": 202.0, "time": "2026-06-24T11:58:00Z", "ns3_TrackPointExtension": "            <ns3:hr>156</ns3:hr>            <ns3:cad>89</ns3:cad>          " }, "geometry": { "type": "Point", "coordinates": [ -88.0803994, 41.788447 ] } },
{ "type": "Feature", "properties": { "track_fid": 0, "track_seg_id": 0, "track_seg_point_id": 34, "ele": 202.0, "time": "2026-06-24T11:58:01Z", "ns3_TrackPointExtension": "            <ns3:hr>156</ns3:hr>            <ns3:cad>89</ns3:cad>          " }, "geometry": { "type": "Point", "coordinates": [ -88.0803599, 41.7884477 ] } },
{ "type": "Feature", "properties": { "track_fid": 0, "track_seg_id": 0, "track_seg_point_id": 35, "ele": 201.19999694824219, "time": "2026-06-24T11:58:08Z", "ns3_TrackPointExtension": "            <ns3:hr>157</ns3:hr>            <ns3:cad>88</ns3:cad>          " }, "geometry": { "type": "Point", "coordinates": [ -88.0801112, 41.788465 ] } },
{ "type": "Feature", "properties": { "track_fid": 0, "track_seg_id": 0, "track_seg_point_id": 36, "ele": 201.19999694824219, "time": "2026-06-24T11:58:09Z", "ns3_TrackPointExtension": "            <ns3:hr>157</ns3:hr>            <ns3:cad>88</ns3:cad>          " }, "geometry": { "type": "Point", "coordinates": [ -88.0800745, 41.7884691 ] } },
{ "type": "Feature", "properties": { "track_fid": 0, "track_seg_id": 0, "track_seg_point_id": 37, "ele": 201.0, "time": "2026-06-24T11:58:15Z", "ns3_TrackPointExtension": "            <ns3:hr>159</ns3:hr>            <ns3:cad>89</ns3:cad>          " }, "geometry": { "type": "Point", "coordinates": [ -88.07989, 41.7885748 ] } },
{ "type": "Feature", "properties": { "track_fid": 0, "track_seg_id": 0, "track_seg_point_id": 38, "ele": 201.0, "time": "2026-06-24T11:58:21Z", "ns3_TrackPointExtension": "            <ns3:hr>157</ns3:hr>            <ns3:cad>90</ns3:cad>          " }, "geometry": { "type": "Point", "coordinates": [ -88.0798307, 41.7887119 ] } },
{ "type": "Feature", "properties": { "track_fid": 0, "track_seg_id": 0, "track_seg_point_id": 39, "ele": 201.0, "time": "2026-06-24T11:58:27Z", "ns3_TrackPointExtension": "            <ns3:hr>156</ns3:hr>            <ns3:cad>88</ns3:cad>          " }, "geometry": { "type": "Point", "coordinates": [ -88.0797473, 41.7888814 ] } },
{ "type": "Feature", "properties": { "track_fid": 0, "track_seg_id": 0, "track_seg_point_id": 40, "ele": 201.0, "time": "2026-06-24T11:58:28Z", "ns3_TrackPointExtension": "            <ns3:hr>157</ns3:hr>            <ns3:cad>88</ns3:cad>          " }, "geometry": { "type": "Point", "coordinates": [ -88.0797289, 41.7889102 ] } },
{ "type": "Feature", "properties": { "track_fid": 0, "track_seg_id": 0, "track_seg_point_id": 41, "ele": 201.0, "time": "2026-06-24T11:58:34Z", "ns3_TrackPointExtension": "            <ns3:hr>157</ns3:hr>            <ns3:cad>90</ns3:cad>          " }, "geometry": { "type": "Point", "coordinates": [ -88.0796134, 41.7890864 ] } },
{ "type": "Feature", "properties": { "track_fid": 0, "track_seg_id": 0, "track_seg_point_id": 42, "ele": 201.0, "time": "2026-06-24T11:58:40Z", "ns3_TrackPointExtension": "            <ns3:hr>157</ns3:hr>            <ns3:cad>89</ns3:cad>          " }, "geometry": { "type": "Point", "coordinates": [ -88.0795349, 41.7892442 ] } },
{ "type": "Feature", "properties": { "track_fid": 0, "track_seg_id": 0, "track_seg_point_id": 43, "ele": 201.0, "time": "2026-06-24T11:58:48Z", "ns3_TrackPointExtension": "            <ns3:hr>159</ns3:hr>            <ns3:cad>88</ns3:cad>          " }, "geometry": { "type": "Point", "coordinates": [ -88.0794809, 41.7894454 ] } },
{ "type": "Feature", "properties": { "track_fid": 0, "track_seg_id": 0, "track_seg_point_id": 44, "ele": 200.80000305175781, "time": "2026-06-24T11:58:55Z", "ns3_TrackPointExtension": "            <ns3:hr>159</ns3:hr>            <ns3:cad>89</ns3:cad>          " }, "geometry": { "type": "Point", "coordinates": [ -88.0794575, 41.7896428 ] } },
{ "type": "Feature", "properties": { "track_fid": 0, "track_seg_id": 0, "track_seg_point_id": 45, "ele": 200.80000305175781, "time": "2026-06-24T11:58:59Z", "ns3_TrackPointExtension": "            <ns3:hr>158</ns3:hr>            <ns3:cad>89</ns3:cad>          " }, "geometry": { "type": "Point", "coordinates": [ -88.0794541, 41.789739 ] } },
{ "type": "Feature", "properties": { "track_fid": 0, "track_seg_id": 0, "track_seg_point_id": 46, "ele": 201.0, "time": "2026-06-24T11:59:07Z", "ns3_TrackPointExtension": "            <ns3:hr>158</ns3:hr>            <ns3:cad>90</ns3:cad>          " }, "geometry": { "type": "Point", "coordinates": [ -88.079462, 41.7899444 ] } },
{ "type": "Feature", "properties": { "track_fid": 0, "track_seg_id": 0, "track_seg_point_id": 47, "ele": 200.80000305175781, "time": "2026-06-24T11:59:08Z", "ns3_TrackPointExtension": "            <ns3:hr>159</ns3:hr>            <ns3:cad>89</ns3:cad>          " }, "geometry": { "type": "Point", "coordinates": [ -88.0794583, 41.789971 ] } },
{ "type": "Feature", "properties": { "track_fid": 0, "track_seg_id": 0, "track_seg_point_id": 48, "ele": 201.0, "time": "2026-06-24T11:59:15Z", "ns3_TrackPointExtension": "            <ns3:hr>157</ns3:hr>            <ns3:cad>90</ns3:cad>          " }, "geometry": { "type": "Point", "coordinates": [ -88.0794641, 41.7901524 ] } },
{ "type": "Feature", "properties": { "track_fid": 0, "track_seg_id": 0, "track_seg_point_id": 49, "ele": 200.80000305175781, "time": "2026-06-24T11:59:18Z", "ns3_TrackPointExtension": "            <ns3:hr>156</ns3:hr>            <ns3:cad>89</ns3:cad>          " }, "geometry": { "type": "Point", "coordinates": [ -88.0794488, 41.7902339 ] } },
{ "type": "Feature", "properties": { "track_fid": 0, "track_seg_id": 0, "track_seg_point_id": 50, "ele": 200.80000305175781, "time": "2026-06-24T11:59:26Z", "ns3_TrackPointExtension": "            <ns3:hr>158</ns3:hr>            <ns3:cad>89</ns3:cad>          " }, "geometry": { "type": "Point", "coordinates": [ -88.0794281, 41.7904362 ] } },
{ "type": "Feature", "properties": { "track_fid": 0, "track_seg_id": 0, "track_seg_point_id": 51, "ele": 200.60000610351562, "time": "2026-06-24T11:59:30Z", "ns3_TrackPointExtension": "            <ns3:hr>157</ns3:hr>            <ns3:cad>90</ns3:cad>          " }, "geometry": { "type": "Point", "coordinates": [ -88.0794044, 41.7905834 ] } },
{ "type": "Feature", "properties": { "track_fid": 0, "track_seg_id": 0, "track_seg_point_id": 52, "ele": 200.60000610351562, "time": "2026-06-24T11:59:36Z", "ns3_TrackPointExtension": "            <ns3:hr>155</ns3:hr>            <ns3:cad>90</ns3:cad>          " }, "geometry": { "type": "Point", "coordinates": [ -88.0793781, 41.7907409 ] } },
{ "type": "Feature", "properties": { "track_fid": 0, "track_seg_id": 0, "track_seg_point_id": 53, "ele": 201.0, "time": "2026-06-24T11:59:42Z", "ns3_TrackPointExtension": "            <ns3:hr>154</ns3:hr>            <ns3:cad>91</ns3:cad>          " }, "geometry": { "type": "Point", "coordinates": [ -88.0793509, 41.7908834 ] } },
{ "type": "Feature", "properties": { "track_fid": 0, "track_seg_id": 0, "track_seg_point_id": 54, "ele": 201.0, "time": "2026-06-24T11:59:49Z", "ns3_TrackPointExtension": "            <ns3:hr>155</ns3:hr>            <ns3:cad>90</ns3:cad>          " }, "geometry": { "type": "Point", "coordinates": [ -88.0793159, 41.7910867 ] } },
{ "type": "Feature", "properties": { "track_fid": 0, "track_seg_id": 0, "track_seg_point_id": 55, "ele": 201.0, "time": "2026-06-24T11:59:50Z", "ns3_TrackPointExtension": "            <ns3:hr>156</ns3:hr>            <ns3:cad>90</ns3:cad>          " }, "geometry": { "type": "Point", "coordinates": [ -88.0793111, 41.7911115 ] } },
{ "type": "Feature", "properties": { "track_fid": 0, "track_seg_id": 0, "track_seg_point_id": 56, "ele": 201.0, "time": "2026-06-24T11:59:57Z", "ns3_TrackPointExtension": "            <ns3:hr>157</ns3:hr>            <ns3:cad>89</ns3:cad>          " }, "geometry": { "type": "Point", "coordinates": [ -88.0792725, 41.7913081 ] } },
{ "type": "Feature", "properties": { "track_fid": 0, "track_seg_id": 0, "track_seg_point_id": 57, "ele": 201.0, "time": "2026-06-24T12:00:00Z", "ns3_TrackPointExtension": "            <ns3:hr>157</ns3:hr>            <ns3:cad>88</ns3:cad>          " }, "geometry": { "type": "Point", "coordinates": [ -88.0792618, 41.791405 ] } },
{ "type": "Feature", "properties": { "track_fid": 0, "track_seg_id": 0, "track_seg_point_id": 58, "ele": 201.0, "time": "2026-06-24T12:00:06Z", "ns3_TrackPointExtension": "            <ns3:hr>157</ns3:hr>            <ns3:cad>88</ns3:cad>          " }, "geometry": { "type": "Point", "coordinates": [ -88.0792353, 41.7915856 ] } },
{ "type": "Feature", "properties": { "track_fid": 0, "track_seg_id": 0, "track_seg_point_id": 59, "ele": 201.0, "time": "2026-06-24T12:00:10Z", "ns3_TrackPointExtension": "            <ns3:hr>156</ns3:hr>            <ns3:cad>88</ns3:cad>          " }, "geometry": { "type": "Point", "coordinates": [ -88.0792283, 41.7916988 ] } },
{ "type": "Feature", "properties": { "track_fid": 0, "track_seg_id": 0, "track_seg_point_id": 60, "ele": 201.0, "time": "2026-06-24T12:00:17Z", "ns3_TrackPointExtension": "            <ns3:hr>154</ns3:hr>            <ns3:cad>89</ns3:cad>          " }, "geometry": { "type": "Point", "coordinates": [ -88.0792383, 41.791888 ] } },
{ "type": "Feature", "properties": { "track_fid": 0, "track_seg_id": 0, "track_seg_point_id": 61, "ele": 201.19999694824219, "time": "2026-06-24T12:00:19Z", "ns3_TrackPointExtension": "            <ns3:hr>155</ns3:hr>            <ns3:cad>89</ns3:cad>          " }, "geometry": { "type": "Point", "coordinates": [ -88.0792472, 41.7919408 ] } },
{ "type": "Feature", "properties": { "track_fid": 0, "track_seg_id": 0, "track_seg_point_id": 62, "ele": 201.19999694824219, "time": "2026-06-24T12:00:27Z", "ns3_TrackPointExtension": "            <ns3:hr>156</ns3:hr>            <ns3:cad>89</ns3:cad>          " }, "geometry": { "type": "Point", "coordinates": [ -88.079285, 41.7921322 ] } },
{ "type": "Feature", "properties": { "track_fid": 0, "track_seg_id": 0, "track_seg_point_id": 63, "ele": 201.60000610351562, "time": "2026-06-24T12:00:35Z", "ns3_TrackPointExtension": "            <ns3:hr>156</ns3:hr>            <ns3:cad>89</ns3:cad>          " }, "geometry": { "type": "Point", "coordinates": [ -88.0794036, 41.7923094 ] } },
{ "type": "Feature", "properties": { "track_fid": 0, "track_seg_id": 0, "track_seg_point_id": 64, "ele": 202.0, "time": "2026-06-24T12:00:41Z", "ns3_TrackPointExtension": "            <ns3:hr>155</ns3:hr>            <ns3:cad>88</ns3:cad>          " }, "geometry": { "type": "Point", "coordinates": [ -88.0795477, 41.7924185 ] } },
{ "type": "Feature", "properties": { "track_fid": 0, "track_seg_id": 0, "track_seg_point_id": 65, "ele": 202.0, "time": "2026-06-24T12:00:47Z", "ns3_TrackPointExtension": "            <ns3:hr>154</ns3:hr>            <ns3:cad>89</ns3:cad>          " }, "geometry": { "type": "Point", "coordinates": [ -88.0796265, 41.7925463 ] } },
{ "type": "Feature", "properties": { "track_fid": 0, "track_seg_id": 0, "track_seg_point_id": 66, "ele": 201.80000305175781, "time": "2026-06-24T12:00:54Z", "ns3_TrackPointExtension": "            <ns3:hr>152</ns3:hr>            <ns3:cad>88</ns3:cad>          " }, "geometry": { "type": "Point", "coordinates": [ -88.0797373, 41.7927232 ] } },
{ "type": "Feature", "properties": { "track_fid": 0, "track_seg_id": 0, "track_seg_point_id": 67, "ele": 202.0, "time": "2026-06-24T12:00:56Z", "ns3_TrackPointExtension": "            <ns3:hr>152</ns3:hr>            <ns3:cad>89</ns3:cad>          " }, "geometry": { "type": "Point", "coordinates": [ -88.0797605, 41.7927782 ] } },
{ "type": "Feature", "properties": { "track_fid": 0, "track_seg_id": 0, "track_seg_point_id": 68, "ele": 202.0, "time": "2026-06-24T12:00:58Z", "ns3_TrackPointExtension": "            <ns3:hr>152</ns3:hr>            <ns3:cad>90</ns3:cad>          " }, "geometry": { "type": "Point", "coordinates": [ -88.0797668, 41.7928394 ] } },
{ "type": "Feature", "properties": { "track_fid": 0, "track_seg_id": 0, "track_seg_point_id": 69, "ele": 201.80000305175781, "time": "2026-06-24T12:01:00Z", "ns3_TrackPointExtension": "            <ns3:hr>153</ns3:hr>            <ns3:cad>89</ns3:cad>          " }, "geometry": { "type": "Point", "coordinates": [ -88.0797269, 41.7928905 ] } },
{ "type": "Feature", "properties": { "track_fid": 0, "track_seg_id": 0, "track_seg_point_id": 70, "ele": 201.80000305175781, "time": "2026-06-24T12:01:06Z", "ns3_TrackPointExtension": "            <ns3:hr>156</ns3:hr>            <ns3:cad>89</ns3:cad>          " }, "geometry": { "type": "Point", "coordinates": [ -88.0796002, 41.7930244 ] } },
{ "type": "Feature", "properties": { "track_fid": 0, "track_seg_id": 0, "track_seg_point_id": 71, "ele": 201.80000305175781, "time": "2026-06-24T12:01:08Z", "ns3_TrackPointExtension": "            <ns3:hr>156</ns3:hr>            <ns3:cad>88</ns3:cad>          " }, "geometry": { "type": "Point", "coordinates": [ -88.0795832, 41.7930743 ] } },
{ "type": "Feature", "properties": { "track_fid": 0, "track_seg_id": 0, "track_seg_point_id": 72, "ele": 202.0, "time": "2026-06-24T12:01:14Z", "ns3_TrackPointExtension": "            <ns3:hr>157</ns3:hr>            <ns3:cad>89</ns3:cad>          " }, "geometry": { "type": "Point", "coordinates": [ -88.0796069, 41.7932256 ] } },
{ "type": "Feature", "properties": { "track_fid": 0, "track_seg_id": 0, "track_seg_point_id": 73, "ele": 202.0, "time": "2026-06-24T12:01:22Z", "ns3_TrackPointExtension": "            <ns3:hr>158</ns3:hr>            <ns3:cad>88</ns3:cad>          " }, "geometry": { "type": "Point", "coordinates": [ -88.0796428, 41.7934221 ] } },
{ "type": "Feature", "properties": { "track_fid": 0, "track_seg_id": 0, "track_seg_point_id": 74, "ele": 202.0, "time": "2026-06-24T12:01:24Z", "ns3_TrackPointExtension": "            <ns3:hr>158</ns3:hr>            <ns3:cad>88</ns3:cad>          " }, "geometry": { "type": "Point", "coordinates": [ -88.0796461, 41.7934758 ] } },
{ "type": "Feature", "properties": { "track_fid": 0, "track_seg_id": 0, "track_seg_point_id": 75, "ele": 202.0, "time": "2026-06-24T12:01:31Z", "ns3_TrackPointExtension": "            <ns3:hr>158</ns3:hr>            <ns3:cad>88</ns3:cad>          " }, "geometry": { "type": "Point", "coordinates": [ -88.0796136, 41.7936661 ] } },
{ "type": "Feature", "properties": { "track_fid": 0, "track_seg_id": 0, "track_seg_point_id": 76, "ele": 202.0, "time": "2026-06-24T12:01:33Z", "ns3_TrackPointExtension": "            <ns3:hr>158</ns3:hr>            <ns3:cad>88</ns3:cad>          " }, "geometry": { "type": "Point", "coordinates": [ -88.0795968, 41.793721 ] } },
{ "type": "Feature", "properties": { "track_fid": 0, "track_seg_id": 0, "track_seg_point_id": 77, "ele": 202.0, "time": "2026-06-24T12:01:40Z", "ns3_TrackPointExtension": "            <ns3:hr>157</ns3:hr>            <ns3:cad>88</ns3:cad>          " }, "geometry": { "type": "Point", "coordinates": [ -88.0795547, 41.7939042 ] } },
{ "type": "Feature", "properties": { "track_fid": 0, "track_seg_id": 0, "track_seg_point_id": 78, "ele": 202.0, "time": "2026-06-24T12:01:44Z", "ns3_TrackPointExtension": "            <ns3:hr>157</ns3:hr>            <ns3:cad>89</ns3:cad>          " }, "geometry": { "type": "Point", "coordinates": [ -88.0795543, 41.794002 ] } },
{ "type": "Feature", "properties": { "track_fid": 0, "track_seg_id": 0, "track_seg_point_id": 79, "ele": 201.39999389648438, "time": "2026-06-24T12:01:52Z", "ns3_TrackPointExtension": "            <ns3:hr>157</ns3:hr>            <ns3:cad>88</ns3:cad>          " }, "geometry": { "type": "Point", "coordinates": [ -88.0795982, 41.7941978 ] } },
{ "type": "Feature", "properties": { "track_fid": 0, "track_seg_id": 0, "track_seg_point_id": 80, "ele": 201.39999389648438, "time": "2026-06-24T12:01:54Z", "ns3_TrackPointExtension": "            <ns3:hr>157</ns3:hr>            <ns3:cad>88</ns3:cad>          " }, "geometry": { "type": "Point", "coordinates": [ -88.0796093, 41.7942499 ] } },
{ "type": "Feature", "properties": { "track_fid": 0, "track_seg_id": 0, "track_seg_point_id": 81, "ele": 201.39999389648438, "time": "2026-06-24T12:02:00Z", "ns3_TrackPointExtension": "            <ns3:hr>155</ns3:hr>            <ns3:cad>89</ns3:cad>          " }, "geometry": { "type": "Point", "coordinates": [ -88.0796444, 41.7943949 ] } },
{ "type": "Feature", "properties": { "track_fid": 0, "track_seg_id": 0, "track_seg_point_id": 82, "ele": 200.80000305175781, "time": "2026-06-24T12:02:07Z", "ns3_TrackPointExtension": "            <ns3:hr>155</ns3:hr>            <ns3:cad>88</ns3:cad>          " }, "geometry": { "type": "Point", "coordinates": [ -88.0796889, 41.7945828 ] } },
{ "type": "Feature", "properties": { "track_fid": 0, "track_seg_id": 0, "track_seg_point_id": 83, "ele": 200.80000305175781, "time": "2026-06-24T12:02:09Z", "ns3_TrackPointExtension": "            <ns3:hr>155</ns3:hr>            <ns3:cad>88</ns3:cad>          " }, "geometry": { "type": "Point", "coordinates": [ -88.0797017, 41.7946295 ] } },
{ "type": "Feature", "properties": { "track_fid": 0, "track_seg_id": 0, "track_seg_point_id": 84, "ele": 201.60000610351562, "time": "2026-06-24T12:02:16Z", "ns3_TrackPointExtension": "            <ns3:hr>155</ns3:hr>            <ns3:cad>89</ns3:cad>          " }, "geometry": { "type": "Point", "coordinates": [ -88.0797563, 41.7947992 ] } },
{ "type": "Feature", "properties": { "track_fid": 0, "track_seg_id": 0, "track_seg_point_id": 85, "ele": 201.60000610351562, "time": "2026-06-24T12:02:24Z", "ns3_TrackPointExtension": "            <ns3:hr>154</ns3:hr>            <ns3:cad>89</ns3:cad>          " }, "geometry": { "type": "Point", "coordinates": [ -88.0798296, 41.7949939 ] } },
{ "type": "Feature", "properties": { "track_fid": 0, "track_seg_id": 0, "track_seg_point_id": 86, "ele": 201.39999389648438, "time": "2026-06-24T12:02:26Z", "ns3_TrackPointExtension": "            <ns3:hr>154</ns3:hr>            <ns3:cad>88</ns3:cad>          " }, "geometry": { "type": "Point", "coordinates": [ -88.0798501, 41.7950488 ] } },
{ "type": "Feature", "properties": { "track_fid": 0, "track_seg_id": 0, "track_seg_point_id": 87, "ele": 201.39999389648438, "time": "2026-06-24T12:02:33Z", "ns3_TrackPointExtension": "            <ns3:hr>154</ns3:hr>            <ns3:cad>88</ns3:cad>          " }, "geometry": { "type": "Point", "coordinates": [ -88.0799305, 41.7952284 ] } },
{ "type": "Feature", "properties": { "track_fid": 0, "track_seg_id": 0, "track_seg_point_id": 88, "ele": 201.39999389648438, "time": "2026-06-24T12:02:36Z", "ns3_TrackPointExtension": "            <ns3:hr>154</ns3:hr>            <ns3:cad>88</ns3:cad>          " }, "geometry": { "type": "Point", "coordinates": [ -88.0799715, 41.7952996 ] } },
{ "type": "Feature", "properties": { "track_fid": 0, "track_seg_id": 0, "track_seg_point_id": 89, "ele": 201.80000305175781, "time": "2026-06-24T12:02:43Z", "ns3_TrackPointExtension": "            <ns3:hr>154</ns3:hr>            <ns3:cad>89</ns3:cad>          " }, "geometry": { "type": "Point", "coordinates": [ -88.0800599, 41.7954848 ] } },
{ "type": "Feature", "properties": { "track_fid": 0, "track_seg_id": 0, "track_seg_point_id": 90, "ele": 201.60000610351562, "time": "2026-06-24T12:02:46Z", "ns3_TrackPointExtension": "            <ns3:hr>154</ns3:hr>            <ns3:cad>89</ns3:cad>          " }, "geometry": { "type": "Point", "coordinates": [ -88.0800834, 41.7955578 ] } },
{ "type": "Feature", "properties": { "track_fid": 0, "track_seg_id": 0, "track_seg_point_id": 91, "ele": 201.19999694824219, "time": "2026-06-24T12:02:53Z", "ns3_TrackPointExtension": "            <ns3:hr>154</ns3:hr>            <ns3:cad>89</ns3:cad>          " }, "geometry": { "type": "Point", "coordinates": [ -88.0801079, 41.7957449 ] } },
{ "type": "Feature", "properties": { "track_fid": 0, "track_seg_id": 0, "track_seg_point_id": 92, "ele": 201.19999694824219, "time": "2026-06-24T12:02:55Z", "ns3_TrackPointExtension": "            <ns3:hr>154</ns3:hr>            <ns3:cad>89</ns3:cad>          " }, "geometry": { "type": "Point", "coordinates": [ -88.0801178, 41.7957978 ] } },
{ "type": "Feature", "properties": { "track_fid": 0, "track_seg_id": 0, "track_seg_point_id": 93, "ele": 201.60000610351562, "time": "2026-06-24T12:03:03Z", "ns3_TrackPointExtension": "            <ns3:hr>156</ns3:hr>            <ns3:cad>89</ns3:cad>          " }, "geometry": { "type": "Point", "coordinates": [ -88.0802236, 41.7959759 ] } },
{ "type": "Feature", "properties": { "track_fid": 0, "track_seg_id": 0, "track_seg_point_id": 94, "ele": 201.80000305175781, "time": "2026-06-24T12:03:04Z", "ns3_TrackPointExtension": "            <ns3:hr>156</ns3:hr>            <ns3:cad>89</ns3:cad>          " }, "geometry": { "type": "Point", "coordinates": [ -88.080248, 41.795993 ] } },
{ "type": "Feature", "properties": { "track_fid": 0, "track_seg_id": 0, "track_seg_point_id": 95, "ele": 202.0, "time": "2026-06-24T12:03:10Z", "ns3_TrackPointExtension": "            <ns3:hr>155</ns3:hr>            <ns3:cad>88</ns3:cad>          " }, "geometry": { "type": "Point", "coordinates": [ -88.0804407, 41.7960665 ] } },
{ "type": "Feature", "properties": { "track_fid": 0, "track_seg_id": 0, "track_seg_point_id": 96, "ele": 203.0, "time": "2026-06-24T12:03:18Z", "ns3_TrackPointExtension": "            <ns3:hr>153</ns3:hr>            <ns3:cad>88</ns3:cad>          " }, "geometry": { "type": "Point", "coordinates": [ -88.0807074, 41.7960727 ] } },
{ "type": "Feature", "properties": { "track_fid": 0, "track_seg_id": 0, "track_seg_point_id": 97, "ele": 203.19999694824219, "time": "2026-06-24T12:03:25Z", "ns3_TrackPointExtension": "            <ns3:hr>152</ns3:hr>            <ns3:cad>89</ns3:cad>          " }, "geometry": { "type": "Point", "coordinates": [ -88.080925, 41.7960058 ] } },
{ "type": "Feature", "properties": { "track_fid": 0, "track_seg_id": 0, "track_seg_point_id": 98, "ele": 203.19999694824219, "time": "2026-06-24T12:03:32Z", "ns3_TrackPointExtension": "            <ns3:hr>152</ns3:hr>            <ns3:cad>89</ns3:cad>          " }, "geometry": { "type": "Point", "coordinates": [ -88.0811582, 41.7958993 ] } },
{ "type": "Feature", "properties": { "track_fid": 0, "track_seg_id": 0, "track_seg_point_id": 99, "ele": 203.19999694824219, "time": "2026-06-24T12:03:33Z", "ns3_TrackPointExtension": "            <ns3:hr>152</ns3:hr>            <ns3:cad>90</ns3:cad>          " }, "geometry": { "type": "Point", "coordinates": [ -88.0811946, 41.7958884 ] } },
{ "type": "Feature", "properties": { "track_fid": 0, "track_seg_id": 0, "track_seg_point_id": 100, "ele": 203.19999694824219, "time": "2026-06-24T12:03:39Z", "ns3_TrackPointExtension": "            <ns3:hr>152</ns3:hr>            <ns3:cad>89</ns3:cad>          " }, "geometry": { "type": "Point", "coordinates": [ -88.0814346, 41.7958816 ] } },
{ "type": "Feature", "properties": { "track_fid": 0, "track_seg_id": 0, "track_seg_point_id": 101, "ele": 203.39999389648438, "time": "2026-06-24T12:03:46Z", "ns3_TrackPointExtension": "            <ns3:hr>152</ns3:hr>            <ns3:cad>90</ns3:cad>          " }, "geometry": { "type": "Point", "coordinates": [ -88.0816949, 41.7959143 ] } },
{ "type": "Feature", "properties": { "track_fid": 0, "track_seg_id": 0, "track_seg_point_id": 102, "ele": 203.60000610351562, "time": "2026-06-24T12:03:53Z", "ns3_TrackPointExtension": "            <ns3:hr>155</ns3:hr>            <ns3:cad>90</ns3:cad>          " }, "geometry": { "type": "Point", "coordinates": [ -88.0819473, 41.795935 ] } },
{ "type": "Feature", "properties": { "track_fid": 0, "track_seg_id": 0, "track_seg_point_id": 103, "ele": 203.60000610351562, "time": "2026-06-24T12:03:54Z", "ns3_TrackPointExtension": "            <ns3:hr>156</ns3:hr>            <ns3:cad>90</ns3:cad>          " }, "geometry": { "type": "Point", "coordinates": [ -88.0819828, 41.7959332 ] } },
{ "type": "Feature", "properties": { "track_fid": 0, "track_seg_id": 0, "track_seg_point_id": 104, "ele": 204.0, "time": "2026-06-24T12:04:00Z", "ns3_TrackPointExtension": "            <ns3:hr>157</ns3:hr>            <ns3:cad>89</ns3:cad>          " }, "geometry": { "type": "Point", "coordinates": [ -88.0821757, 41.7958808 ] } },
{ "type": "Feature", "properties": { "track_fid": 0, "track_seg_id": 0, "track_seg_point_id": 105, "ele": 204.0, "time": "2026-06-24T12:04:08Z", "ns3_TrackPointExtension": "            <ns3:hr>158</ns3:hr>            <ns3:cad>89</ns3:cad>          " }, "geometry": { "type": "Point", "coordinates": [ -88.0824136, 41.7957935 ] } },
{ "type": "Feature", "properties": { "track_fid": 0, "track_seg_id": 0, "track_seg_point_id": 106, "ele": 203.60000610351562, "time": "2026-06-24T12:04:15Z", "ns3_TrackPointExtension": "            <ns3:hr>158</ns3:hr>            <ns3:cad>87</ns3:cad>          " }, "geometry": { "type": "Point", "coordinates": [ -88.0826464, 41.7957931 ] } },
{ "type": "Feature", "properties": { "track_fid": 0, "track_seg_id": 0, "track_seg_point_id": 107, "ele": 204.0, "time": "2026-06-24T12:04:22Z", "ns3_TrackPointExtension": "            <ns3:hr>158</ns3:hr>            <ns3:cad>89</ns3:cad>          " }, "geometry": { "type": "Point", "coordinates": [ -88.0829064, 41.7958078 ] } },
{ "type": "Feature", "properties": { "track_fid": 0, "track_seg_id": 0, "track_seg_point_id": 108, "ele": 204.39999389648438, "time": "2026-06-24T12:04:27Z", "ns3_TrackPointExtension": "            <ns3:hr>158</ns3:hr>            <ns3:cad>89</ns3:cad>          " }, "geometry": { "type": "Point", "coordinates": [ -88.0830393, 41.7958053 ] } },
{ "type": "Feature", "properties": { "track_fid": 0, "track_seg_id": 0, "track_seg_point_id": 109, "ele": 204.39999389648438, "time": "2026-06-24T12:04:28Z", "ns3_TrackPointExtension": "            <ns3:hr>158</ns3:hr>            <ns3:cad>88</ns3:cad>          " }, "geometry": { "type": "Point", "coordinates": [ -88.0830735, 41.7958023 ] } },
{ "type": "Feature", "properties": { "track_fid": 0, "track_seg_id": 0, "track_seg_point_id": 110, "ele": 204.19999694824219, "time": "2026-06-24T12:04:35Z", "ns3_TrackPointExtension": "            <ns3:hr>158</ns3:hr>            <ns3:cad>88</ns3:cad>          " }, "geometry": { "type": "Point", "coordinates": [ -88.083289, 41.7957374 ] } },
{ "type": "Feature", "properties": { "track_fid": 0, "track_seg_id": 0, "track_seg_point_id": 111, "ele": 203.80000305175781, "time": "2026-06-24T12:04:42Z", "ns3_TrackPointExtension": "            <ns3:hr>157</ns3:hr>            <ns3:cad>88</ns3:cad>          " }, "geometry": { "type": "Point", "coordinates": [ -88.083513, 41.7956464 ] } },
{ "type": "Feature", "properties": { "track_fid": 0, "track_seg_id": 0, "track_seg_point_id": 112, "ele": 203.80000305175781, "time": "2026-06-24T12:04:49Z", "ns3_TrackPointExtension": "            <ns3:hr>155</ns3:hr>            <ns3:cad>89</ns3:cad>          " }, "geometry": { "type": "Point", "coordinates": [ -88.0837487, 41.7955735 ] } },
{ "type": "Feature", "properties": { "track_fid": 0, "track_seg_id": 0, "track_seg_point_id": 113, "ele": 203.80000305175781, "time": "2026-06-24T12:04:50Z", "ns3_TrackPointExtension": "            <ns3:hr>155</ns3:hr>            <ns3:cad>89</ns3:cad>          " }, "geometry": { "type": "Point", "coordinates": [ -88.0837606, 41.795572 ] } },
{ "type": "Feature", "properties": { "track_fid": 0, "track_seg_id": 0, "track_seg_point_id": 114, "ele": 203.80000305175781, "time": "2026-06-24T12:04:52Z", "ns3_TrackPointExtension": "            <ns3:hr>154</ns3:hr>            <ns3:cad>0</ns3:cad>          " }, "geometry": { "type": "Point", "coordinates": [ -88.0837622, 41.7955699 ] } },
{ "type": "Feature", "properties": { "track_fid": 0, "track_seg_id": 0, "track_seg_point_id": 115, "ele": 203.60000610351562, "time": "2026-06-24T12:05:10Z", "ns3_TrackPointExtension": "            <ns3:hr>145</ns3:hr>            <ns3:cad>0</ns3:cad>          " }, "geometry": { "type": "Point", "coordinates": [ -88.0836212, 41.7956361 ] } },
{ "type": "Feature", "properties": { "track_fid": 0, "track_seg_id": 0, "track_seg_point_id": 116, "ele": 204.0, "time": "2026-06-24T12:05:17Z", "ns3_TrackPointExtension": "            <ns3:hr>144</ns3:hr>            <ns3:cad>90</ns3:cad>          " }, "geometry": { "type": "Point", "coordinates": [ -88.0838769, 41.7955804 ] } },
{ "type": "Feature", "properties": { "track_fid": 0, "track_seg_id": 0, "track_seg_point_id": 117, "ele": 204.60000610351562, "time": "2026-06-24T12:05:24Z", "ns3_TrackPointExtension": "            <ns3:hr>143</ns3:hr>            <ns3:cad>88</ns3:cad>          " }, "geometry": { "type": "Point", "coordinates": [ -88.0841077, 41.7955141 ] } },
{ "type": "Feature", "properties": { "track_fid": 0, "track_seg_id": 0, "track_seg_point_id": 118, "ele": 204.80000305175781, "time": "2026-06-24T12:05:26Z", "ns3_TrackPointExtension": "            <ns3:hr>143</ns3:hr>            <ns3:cad>88</ns3:cad>          " }, "geometry": { "type": "Point", "coordinates": [ -88.0841456, 41.7954767 ] } },
{ "type": "Feature", "properties": { "track_fid": 0, "track_seg_id": 0, "track_seg_point_id": 119, "ele": 204.60000610351562, "time": "2026-06-24T12:05:32Z", "ns3_TrackPointExtension": "            <ns3:hr>146</ns3:hr>            <ns3:cad>87</ns3:cad>          " }, "geometry": { "type": "Point", "coordinates": [ -88.0842149, 41.7953474 ] } },
{ "type": "Feature", "properties": { "track_fid": 0, "track_seg_id": 0, "track_seg_point_id": 120, "ele": 204.60000610351562, "time": "2026-06-24T12:05:33Z", "ns3_TrackPointExtension": "            <ns3:hr>147</ns3:hr>            <ns3:cad>87</ns3:cad>          " }, "geometry": { "type": "Point", "coordinates": [ -88.084218, 41.7953231 ] } },
{ "type": "Feature", "properties": { "track_fid": 0, "track_seg_id": 0, "track_seg_point_id": 121, "ele": 204.19999694824219, "time": "2026-06-24T12:05:41Z", "ns3_TrackPointExtension": "            <ns3:hr>148</ns3:hr>            <ns3:cad>89</ns3:cad>          " }, "geometry": { "type": "Point", "coordinates": [ -88.0842882, 41.7951231 ] } },
{ "type": "Feature", "properties": { "track_fid": 0, "track_seg_id": 0, "track_seg_point_id": 122, "ele": 204.0, "time": "2026-06-24T12:05:45Z", "ns3_TrackPointExtension": "            <ns3:hr>148</ns3:hr>            <ns3:cad>88</ns3:cad>          " }, "geometry": { "type": "Point", "coordinates": [ -88.084291, 41.7950199 ] } },
{ "type": "Feature", "properties": { "track_fid": 0, "track_seg_id": 0, "track_seg_point_id": 123, "ele": 204.0, "time": "2026-06-24T12:05:52Z", "ns3_TrackPointExtension": "            <ns3:hr>148</ns3:hr>            <ns3:cad>88</ns3:cad>          " }, "geometry": { "type": "Point", "coordinates": [ -88.0843794, 41.7948526 ] } },
{ "type": "Feature", "properties": { "track_fid": 0, "track_seg_id": 0, "track_seg_point_id": 124, "ele": 204.0, "time": "2026-06-24T12:05:53Z", "ns3_TrackPointExtension": "            <ns3:hr>148</ns3:hr>            <ns3:cad>88</ns3:cad>          " }, "geometry": { "type": "Point", "coordinates": [ -88.0844114, 41.7948357 ] } },
{ "type": "Feature", "properties": { "track_fid": 0, "track_seg_id": 0, "track_seg_point_id": 125, "ele": 204.0, "time": "2026-06-24T12:05:58Z", "ns3_TrackPointExtension": "            <ns3:hr>149</ns3:hr>            <ns3:cad>88</ns3:cad>          " }, "geometry": { "type": "Point", "coordinates": [ -88.0846099, 41.7947726 ] } },
{ "type": "Feature", "properties": { "track_fid": 0, "track_seg_id": 0, "track_seg_point_id": 126, "ele": 204.39999389648438, "time": "2026-06-24T12:06:05Z", "ns3_TrackPointExtension": "            <ns3:hr>149</ns3:hr>            <ns3:cad>88</ns3:cad>          " }, "geometry": { "type": "Point", "coordinates": [ -88.0848706, 41.7947337 ] } },
{ "type": "Feature", "properties": { "track_fid": 0, "track_seg_id": 0, "track_seg_point_id": 127, "ele": 204.39999389648438, "time": "2026-06-24T12:06:06Z", "ns3_TrackPointExtension": "            <ns3:hr>149</ns3:hr>            <ns3:cad>88</ns3:cad>          " }, "geometry": { "type": "Point", "coordinates": [ -88.0848969, 41.7947219 ] } },
{ "type": "Feature", "properties": { "track_fid": 0, "track_seg_id": 0, "track_seg_point_id": 128, "ele": 204.0, "time": "2026-06-24T12:06:12Z", "ns3_TrackPointExtension": "            <ns3:hr>149</ns3:hr>            <ns3:cad>88</ns3:cad>          " }, "geometry": { "type": "Point", "coordinates": [ -88.0850113, 41.7946022 ] } },
{ "type": "Feature", "properties": { "track_fid": 0, "track_seg_id": 0, "track_seg_point_id": 129, "ele": 204.0, "time": "2026-06-24T12:06:19Z", "ns3_TrackPointExtension": "            <ns3:hr>151</ns3:hr>            <ns3:cad>88</ns3:cad>          " }, "geometry": { "type": "Point", "coordinates": [ -88.0850638, 41.7944386 ] } },
{ "type": "Feature", "properties": { "track_fid": 0, "track_seg_id": 0, "track_seg_point_id": 130, "ele": 204.0, "time": "2026-06-24T12:06:24Z", "ns3_TrackPointExtension": "            <ns3:hr>150</ns3:hr>            <ns3:cad>87</ns3:cad>          " }, "geometry": { "type": "Point", "coordinates": [ -88.0849683, 41.7943487 ] } },
{ "type": "Feature", "properties": { "track_fid": 0, "track_seg_id": 0, "track_seg_point_id": 131, "ele": 204.0, "time": "2026-06-24T12:06:30Z", "ns3_TrackPointExtension": "            <ns3:hr>149</ns3:hr>            <ns3:cad>86</ns3:cad>          " }, "geometry": { "type": "Point", "coordinates": [ -88.0848002, 41.794303 ] } },
{ "type": "Feature", "properties": { "track_fid": 0, "track_seg_id": 0, "track_seg_point_id": 132, "ele": 204.0, "time": "2026-06-24T12:06:38Z", "ns3_TrackPointExtension": "            <ns3:hr>149</ns3:hr>            <ns3:cad>84</ns3:cad>          " }, "geometry": { "type": "Point", "coordinates": [ -88.0845391, 41.7943205 ] } },
{ "type": "Feature", "properties": { "track_fid": 0, "track_seg_id": 0, "track_seg_point_id": 133, "ele": 204.0, "time": "2026-06-24T12:06:40Z", "ns3_TrackPointExtension": "            <ns3:hr>149</ns3:hr>            <ns3:cad>85</ns3:cad>          " }, "geometry": { "type": "Point", "coordinates": [ -88.0844729, 41.794319 ] } },
{ "type": "Feature", "properties": { "track_fid": 0, "track_seg_id": 0, "track_seg_point_id": 134, "ele": 204.0, "time": "2026-06-24T12:06:48Z", "ns3_TrackPointExtension": "            <ns3:hr>149</ns3:hr>            <ns3:cad>83</ns3:cad>          " }, "geometry": { "type": "Point", "coordinates": [ -88.084216, 41.7943233 ] } },
{ "type": "Feature", "properties": { "track_fid": 0, "track_seg_id": 0, "track_seg_point_id": 135, "ele": 204.0, "time": "2026-06-24T12:06:52Z", "ns3_TrackPointExtension": "            <ns3:hr>150</ns3:hr>            <ns3:cad>85</ns3:cad>          " }, "geometry": { "type": "Point", "coordinates": [ -88.0840862, 41.7943175 ] } },
{ "type": "Feature", "properties": { "track_fid": 0, "track_seg_id": 0, "track_seg_point_id": 136, "ele": 204.0, "time": "2026-06-24T12:07:00Z", "ns3_TrackPointExtension": "            <ns3:hr>152</ns3:hr>            <ns3:cad>84</ns3:cad>          " }, "geometry": { "type": "Point", "coordinates": [ -88.0838274, 41.7943136 ] } },
{ "type": "Feature", "properties": { "track_fid": 0, "track_seg_id": 0, "track_seg_point_id": 137, "ele": 204.0, "time": "2026-06-24T12:07:02Z", "ns3_TrackPointExtension": "            <ns3:hr>152</ns3:hr>            <ns3:cad>84</ns3:cad>          " }, "geometry": { "type": "Point", "coordinates": [ -88.0837661, 41.7943149 ] } },
{ "type": "Feature", "properties": { "track_fid": 0, "track_seg_id": 0, "track_seg_point_id": 138, "ele": 204.0, "time": "2026-06-24T12:07:10Z", "ns3_TrackPointExtension": "            <ns3:hr>152</ns3:hr>            <ns3:cad>84</ns3:cad>          " }, "geometry": { "type": "Point", "coordinates": [ -88.0834985, 41.7943021 ] } },
{ "type": "Feature", "properties": { "track_fid": 0, "track_seg_id": 0, "track_seg_point_id": 139, "ele": 204.0, "time": "2026-06-24T12:07:12Z", "ns3_TrackPointExtension": "            <ns3:hr>152</ns3:hr>            <ns3:cad>85</ns3:cad>          " }, "geometry": { "type": "Point", "coordinates": [ -88.0834335, 41.7943055 ] } },
{ "type": "Feature", "properties": { "track_fid": 0, "track_seg_id": 0, "track_seg_point_id": 140, "ele": 204.0, "time": "2026-06-24T12:07:19Z", "ns3_TrackPointExtension": "            <ns3:hr>152</ns3:hr>            <ns3:cad>85</ns3:cad>          " }, "geometry": { "type": "Point", "coordinates": [ -88.08321, 41.7943591 ] } },
{ "type": "Feature", "properties": { "track_fid": 0, "track_seg_id": 0, "track_seg_point_id": 141, "ele": 204.39999389648438, "time": "2026-06-24T12:07:24Z", "ns3_TrackPointExtension": "            <ns3:hr>155</ns3:hr>            <ns3:cad>84</ns3:cad>          " }, "geometry": { "type": "Point", "coordinates": [ -88.0830553, 41.7944128 ] } },
{ "type": "Feature", "properties": { "track_fid": 0, "track_seg_id": 0, "track_seg_point_id": 142, "ele": 204.80000305175781, "time": "2026-06-24T12:07:26Z", "ns3_TrackPointExtension": "            <ns3:hr>157</ns3:hr>            <ns3:cad>85</ns3:cad>          " }, "geometry": { "type": "Point", "coordinates": [ -88.0829966, 41.7944299 ] } },
{ "type": "Feature", "properties": { "track_fid": 0, "track_seg_id": 0, "track_seg_point_id": 143, "ele": 205.80000305175781, "time": "2026-06-24T12:07:33Z", "ns3_TrackPointExtension": "            <ns3:hr>159</ns3:hr>            <ns3:cad>85</ns3:cad>          " }, "geometry": { "type": "Point", "coordinates": [ -88.0827563, 41.7944795 ] } },
{ "type": "Feature", "properties": { "track_fid": 0, "track_seg_id": 0, "track_seg_point_id": 144, "ele": 207.80000305175781, "time": "2026-06-24T12:07:38Z", "ns3_TrackPointExtension": "            <ns3:hr>162</ns3:hr>            <ns3:cad>85</ns3:cad>          " }, "geometry": { "type": "Point", "coordinates": [ -88.0826117, 41.79453 ] } },
{ "type": "Feature", "properties": { "track_fid": 0, "track_seg_id": 0, "track_seg_point_id": 145, "ele": 209.0, "time": "2026-06-24T12:07:43Z", "ns3_TrackPointExtension": "            <ns3:hr>162</ns3:hr>            <ns3:cad>84</ns3:cad>          " }, "geometry": { "type": "Point", "coordinates": [ -88.0824858, 41.7945775 ] } },
{ "type": "Feature", "properties": { "track_fid": 0, "track_seg_id": 0, "track_seg_point_id": 146, "ele": 209.19999694824219, "time": "2026-06-24T12:07:51Z", "ns3_TrackPointExtension": "            <ns3:hr>162</ns3:hr>            <ns3:cad>81</ns3:cad>          " }, "geometry": { "type": "Point", "coordinates": [ -88.0822959, 41.7946696 ] } },
{ "type": "Feature", "properties": { "track_fid": 0, "track_seg_id": 0, "track_seg_point_id": 147, "ele": 209.0, "time": "2026-06-24T12:07:53Z", "ns3_TrackPointExtension": "            <ns3:hr>166</ns3:hr>            <ns3:cad>82</ns3:cad>          " }, "geometry": { "type": "Point", "coordinates": [ -88.0822376, 41.7946849 ] } },
{ "type": "Feature", "properties": { "track_fid": 0, "track_seg_id": 0, "track_seg_point_id": 148, "ele": 208.80000305175781, "time": "2026-06-24T12:07:55Z", "ns3_TrackPointExtension": "            <ns3:hr>170</ns3:hr>            <ns3:cad>82</ns3:cad>          " }, "geometry": { "type": "Point", "coordinates": [ -88.0821805, 41.7946969 ] } },
{ "type": "Feature", "properties": { "track_fid": 0, "track_seg_id": 0, "track_seg_point_id": 149, "ele": 208.60000610351562, "time": "2026-06-24T12:07:59Z", "ns3_TrackPointExtension": "            <ns3:hr>172</ns3:hr>            <ns3:cad>81</ns3:cad>          " }, "geometry": { "type": "Point", "coordinates": [ -88.0820476, 41.7947062 ] } },
{ "type": "Feature", "properties": { "track_fid": 0, "track_seg_id": 0, "track_seg_point_id": 150, "ele": 207.39999389648438, "time": "2026-06-24T12:08:05Z", "ns3_TrackPointExtension": "            <ns3:hr>172</ns3:hr>            <ns3:cad>89</ns3:cad>          " }, "geometry": { "type": "Point", "coordinates": [ -88.0817945, 41.794733 ] } },
{ "type": "Feature", "properties": { "track_fid": 0, "track_seg_id": 0, "track_seg_point_id": 151, "ele": 206.80000305175781, "time": "2026-06-24T12:08:11Z", "ns3_TrackPointExtension": "            <ns3:hr>171</ns3:hr>            <ns3:cad>87</ns3:cad>          " }, "geometry": { "type": "Point", "coordinates": [ -88.0815637, 41.7946964 ] } },
{ "type": "Feature", "properties": { "track_fid": 0, "track_seg_id": 0, "track_seg_point_id": 152, "ele": 205.60000610351562, "time": "2026-06-24T12:08:18Z", "ns3_TrackPointExtension": "            <ns3:hr>169</ns3:hr>            <ns3:cad>87</ns3:cad>          " }, "geometry": { "type": "Point", "coordinates": [ -88.0813563, 41.7945846 ] } },
{ "type": "Feature", "properties": { "track_fid": 0, "track_seg_id": 0, "track_seg_point_id": 153, "ele": 205.39999389648438, "time": "2026-06-24T12:08:19Z", "ns3_TrackPointExtension": "            <ns3:hr>169</ns3:hr>            <ns3:cad>87</ns3:cad>          " }, "geometry": { "type": "Point", "coordinates": [ -88.0813268, 41.794566 ] } },
{ "type": "Feature", "properties": { "track_fid": 0, "track_seg_id": 0, "track_seg_point_id": 154, "ele": 204.60000610351562, "time": "2026-06-24T12:08:26Z", "ns3_TrackPointExtension": "            <ns3:hr>168</ns3:hr>            <ns3:cad>88</ns3:cad>          " }, "geometry": { "type": "Point", "coordinates": [ -88.0811253, 41.7944213 ] } },
{ "type": "Feature", "properties": { "track_fid": 0, "track_seg_id": 0, "track_seg_point_id": 155, "ele": 204.60000610351562, "time": "2026-06-24T12:08:29Z", "ns3_TrackPointExtension": "            <ns3:hr>167</ns3:hr>            <ns3:cad>88</ns3:cad>          " }, "geometry": { "type": "Point", "coordinates": [ -88.0810237, 41.7943726 ] } },
{ "type": "Feature", "properties": { "track_fid": 0, "track_seg_id": 0, "track_seg_point_id": 156, "ele": 203.60000610351562, "time": "2026-06-24T12:08:35Z", "ns3_TrackPointExtension": "            <ns3:hr>165</ns3:hr>            <ns3:cad>89</ns3:cad>          " }, "geometry": { "type": "Point", "coordinates": [ -88.0807837, 41.7943418 ] } },
{ "type": "Feature", "properties": { "track_fid": 0, "track_seg_id": 0, "track_seg_point_id": 157, "ele": 203.60000610351562, "time": "2026-06-24T12:08:36Z", "ns3_TrackPointExtension": "            <ns3:hr>164</ns3:hr>            <ns3:cad>89</ns3:cad>          " }, "geometry": { "type": "Point", "coordinates": [ -88.0807452, 41.7943447 ] } },
{ "type": "Feature", "properties": { "track_fid": 0, "track_seg_id": 0, "track_seg_point_id": 158, "ele": 202.80000305175781, "time": "2026-06-24T12:08:42Z", "ns3_TrackPointExtension": "            <ns3:hr>163</ns3:hr>            <ns3:cad>87</ns3:cad>          " }, "geometry": { "type": "Point", "coordinates": [ -88.0805331, 41.7943846 ] } },
{ "type": "Feature", "properties": { "track_fid": 0, "track_seg_id": 0, "track_seg_point_id": 159, "ele": 202.0, "time": "2026-06-24T12:08:49Z", "ns3_TrackPointExtension": "            <ns3:hr>161</ns3:hr>            <ns3:cad>87</ns3:cad>          " }, "geometry": { "type": "Point", "coordinates": [ -88.0802995, 41.7944186 ] } },
{ "type": "Feature", "properties": { "track_fid": 0, "track_seg_id": 0, "track_seg_point_id": 160, "ele": 202.0, "time": "2026-06-24T12:08:55Z", "ns3_TrackPointExtension": "            <ns3:hr>160</ns3:hr>            <ns3:cad>86</ns3:cad>          " }, "geometry": { "type": "Point", "coordinates": [ -88.08008, 41.7944615 ] } },
{ "type": "Feature", "properties": { "track_fid": 0, "track_seg_id": 0, "track_seg_point_id": 161, "ele": 201.60000610351562, "time": "2026-06-24T12:09:01Z", "ns3_TrackPointExtension": "            <ns3:hr>160</ns3:hr>            <ns3:cad>86</ns3:cad>          " }, "geometry": { "type": "Point", "coordinates": [ -88.0798912, 41.7944234 ] } },
{ "type": "Feature", "properties": { "track_fid": 0, "track_seg_id": 0, "track_seg_point_id": 162, "ele": 201.80000305175781, "time": "2026-06-24T12:09:09Z", "ns3_TrackPointExtension": "            <ns3:hr>162</ns3:hr>            <ns3:cad>87</ns3:cad>          " }, "geometry": { "type": "Point", "coordinates": [ -88.0797124, 41.7942748 ] } },
{ "type": "Feature", "properties": { "track_fid": 0, "track_seg_id": 0, "track_seg_point_id": 163, "ele": 201.80000305175781, "time": "2026-06-24T12:09:16Z", "ns3_TrackPointExtension": "            <ns3:hr>163</ns3:hr>            <ns3:cad>87</ns3:cad>          " }, "geometry": { "type": "Point", "coordinates": [ -88.0795997, 41.7941046 ] } },
{ "type": "Feature", "properties": { "track_fid": 0, "track_seg_id": 0, "track_seg_point_id": 164, "ele": 202.0, "time": "2026-06-24T12:09:23Z", "ns3_TrackPointExtension": "            <ns3:hr>162</ns3:hr>            <ns3:cad>88</ns3:cad>          " }, "geometry": { "type": "Point", "coordinates": [ -88.0795715, 41.7939015 ] } },
{ "type": "Feature", "properties": { "track_fid": 0, "track_seg_id": 0, "track_seg_point_id": 165, "ele": 202.0, "time": "2026-06-24T12:09:29Z", "ns3_TrackPointExtension": "            <ns3:hr>159</ns3:hr>            <ns3:cad>0</ns3:cad>          " }, "geometry": { "type": "Point", "coordinates": [ -88.0795839, 41.793806 ] } },
{ "type": "Feature", "properties": { "track_fid": 0, "track_seg_id": 0, "track_seg_point_id": 166, "ele": 202.0, "time": "2026-06-24T12:09:33Z", "ns3_TrackPointExtension": "            <ns3:hr>156</ns3:hr>            <ns3:cad>0</ns3:cad>          " }, "geometry": { "type": "Point", "coordinates": [ -88.0795777, 41.7937802 ] } },
{ "type": "Feature", "properties": { "track_fid": 0, "track_seg_id": 0, "track_seg_point_id": 167, "ele": 202.0, "time": "2026-06-24T12:09:35Z", "ns3_TrackPointExtension": "            <ns3:hr>156</ns3:hr>            <ns3:cad>0</ns3:cad>          " }, "geometry": { "type": "Point", "coordinates": [ -88.0795912, 41.7937271 ] } },
{ "type": "Feature", "properties": { "track_fid": 0, "track_seg_id": 0, "track_seg_point_id": 168, "ele": 202.0, "time": "2026-06-24T12:09:41Z", "ns3_TrackPointExtension": "            <ns3:hr>156</ns3:hr>            <ns3:cad>88</ns3:cad>          " }, "geometry": { "type": "Point", "coordinates": [ -88.0796175, 41.7935543 ] } },
{ "type": "Feature", "properties": { "track_fid": 0, "track_seg_id": 0, "track_seg_point_id": 169, "ele": 202.0, "time": "2026-06-24T12:09:48Z", "ns3_TrackPointExtension": "            <ns3:hr>155</ns3:hr>            <ns3:cad>89</ns3:cad>          " }, "geometry": { "type": "Point", "coordinates": [ -88.0796148, 41.7933446 ] } },
{ "type": "Feature", "properties": { "track_fid": 0, "track_seg_id": 0, "track_seg_point_id": 170, "ele": 202.0, "time": "2026-06-24T12:09:49Z", "ns3_TrackPointExtension": "            <ns3:hr>155</ns3:hr>            <ns3:cad>89</ns3:cad>          " }, "geometry": { "type": "Point", "coordinates": [ -88.0796072, 41.7933108 ] } },
{ "type": "Feature", "properties": { "track_fid": 0, "track_seg_id": 0, "track_seg_point_id": 171, "ele": 201.80000305175781, "time": "2026-06-24T12:09:55Z", "ns3_TrackPointExtension": "            <ns3:hr>153</ns3:hr>            <ns3:cad>89</ns3:cad>          " }, "geometry": { "type": "Point", "coordinates": [ -88.0795482, 41.7931232 ] } },
{ "type": "Feature", "properties": { "track_fid": 0, "track_seg_id": 0, "track_seg_point_id": 172, "ele": 201.39999389648438, "time": "2026-06-24T12:10:02Z", "ns3_TrackPointExtension": "            <ns3:hr>154</ns3:hr>            <ns3:cad>88</ns3:cad>          " }, "geometry": { "type": "Point", "coordinates": [ -88.0795803, 41.792945 ] } },
{ "type": "Feature", "properties": { "track_fid": 0, "track_seg_id": 0, "track_seg_point_id": 173, "ele": 201.80000305175781, "time": "2026-06-24T12:10:08Z", "ns3_TrackPointExtension": "            <ns3:hr>155</ns3:hr>            <ns3:cad>87</ns3:cad>          " }, "geometry": { "type": "Point", "coordinates": [ -88.0797188, 41.7928153 ] } },
{ "type": "Feature", "properties": { "track_fid": 0, "track_seg_id": 0, "track_seg_point_id": 174, "ele": 201.80000305175781, "time": "2026-06-24T12:10:09Z", "ns3_TrackPointExtension": "            <ns3:hr>155</ns3:hr>            <ns3:cad>87</ns3:cad>          " }, "geometry": { "type": "Point", "coordinates": [ -88.0797174, 41.7927909 ] } },
{ "type": "Feature", "properties": { "track_fid": 0, "track_seg_id": 0, "track_seg_point_id": 175, "ele": 201.80000305175781, "time": "2026-06-24T12:10:12Z", "ns3_TrackPointExtension": "            <ns3:hr>155</ns3:hr>            <ns3:cad>87</ns3:cad>          " }, "geometry": { "type": "Point", "coordinates": [ -88.0796595, 41.7927279 ] } },
{ "type": "Feature", "properties": { "track_fid": 0, "track_seg_id": 0, "track_seg_point_id": 176, "ele": 202.0, "time": "2026-06-24T12:10:19Z", "ns3_TrackPointExtension": "            <ns3:hr>156</ns3:hr>            <ns3:cad>86</ns3:cad>          " }, "geometry": { "type": "Point", "coordinates": [ -88.0795886, 41.7925519 ] } },
{ "type": "Feature", "properties": { "track_fid": 0, "track_seg_id": 0, "track_seg_point_id": 177, "ele": 202.0, "time": "2026-06-24T12:10:20Z", "ns3_TrackPointExtension": "            <ns3:hr>156</ns3:hr>            <ns3:cad>86</ns3:cad>          " }, "geometry": { "type": "Point", "coordinates": [ -88.079579, 41.7925268 ] } },
{ "type": "Feature", "properties": { "track_fid": 0, "track_seg_id": 0, "track_seg_point_id": 178, "ele": 202.0, "time": "2026-06-24T12:10:27Z", "ns3_TrackPointExtension": "            <ns3:hr>156</ns3:hr>            <ns3:cad>88</ns3:cad>          " }, "geometry": { "type": "Point", "coordinates": [ -88.0795067, 41.7923322 ] } },
{ "type": "Feature", "properties": { "track_fid": 0, "track_seg_id": 0, "track_seg_point_id": 179, "ele": 202.0, "time": "2026-06-24T12:10:28Z", "ns3_TrackPointExtension": "            <ns3:hr>156</ns3:hr>            <ns3:cad>88</ns3:cad>          " }, "geometry": { "type": "Point", "coordinates": [ -88.079485, 41.792313 ] } },
{ "type": "Feature", "properties": { "track_fid": 0, "track_seg_id": 0, "track_seg_point_id": 180, "ele": 201.39999389648438, "time": "2026-06-24T12:10:34Z", "ns3_TrackPointExtension": "            <ns3:hr>156</ns3:hr>            <ns3:cad>85</ns3:cad>          " }, "geometry": { "type": "Point", "coordinates": [ -88.0793204, 41.7922114 ] } },
{ "type": "Feature", "properties": { "track_fid": 0, "track_seg_id": 0, "track_seg_point_id": 181, "ele": 201.19999694824219, "time": "2026-06-24T12:10:39Z", "ns3_TrackPointExtension": "            <ns3:hr>154</ns3:hr>            <ns3:cad>88</ns3:cad>          " }, "geometry": { "type": "Point", "coordinates": [ -88.0792621, 41.7920918 ] } },
{ "type": "Feature", "properties": { "track_fid": 0, "track_seg_id": 0, "track_seg_point_id": 182, "ele": 201.19999694824219, "time": "2026-06-24T12:10:46Z", "ns3_TrackPointExtension": "            <ns3:hr>152</ns3:hr>            <ns3:cad>87</ns3:cad>          " }, "geometry": { "type": "Point", "coordinates": [ -88.0792414, 41.7919031 ] } },
{ "type": "Feature", "properties": { "track_fid": 0, "track_seg_id": 0, "track_seg_point_id": 183, "ele": 201.0, "time": "2026-06-24T12:10:53Z", "ns3_TrackPointExtension": "            <ns3:hr>153</ns3:hr>            <ns3:cad>88</ns3:cad>          " }, "geometry": { "type": "Point", "coordinates": [ -88.0792073, 41.7917113 ] } },
{ "type": "Feature", "properties": { "track_fid": 0, "track_seg_id": 0, "track_seg_point_id": 184, "ele": 201.0, "time": "2026-06-24T12:10:55Z", "ns3_TrackPointExtension": "            <ns3:hr>153</ns3:hr>            <ns3:cad>89</ns3:cad>          " }, "geometry": { "type": "Point", "coordinates": [ -88.0792153, 41.7916608 ] } },
{ "type": "Feature", "properties": { "track_fid": 0, "track_seg_id": 0, "track_seg_point_id": 185, "ele": 201.0, "time": "2026-06-24T12:11:03Z", "ns3_TrackPointExtension": "            <ns3:hr>154</ns3:hr>            <ns3:cad>87</ns3:cad>          " }, "geometry": { "type": "Point", "coordinates": [ -88.0792602, 41.791463 ] } },
{ "type": "Feature", "properties": { "track_fid": 0, "track_seg_id": 0, "track_seg_point_id": 186, "ele": 201.0, "time": "2026-06-24T12:11:06Z", "ns3_TrackPointExtension": "            <ns3:hr>155</ns3:hr>            <ns3:cad>87</ns3:cad>          " }, "geometry": { "type": "Point", "coordinates": [ -88.07927, 41.7913874 ] } },
{ "type": "Feature", "properties": { "track_fid": 0, "track_seg_id": 0, "track_seg_point_id": 187, "ele": 201.0, "time": "2026-06-24T12:11:14Z", "ns3_TrackPointExtension": "            <ns3:hr>155</ns3:hr>            <ns3:cad>87</ns3:cad>          " }, "geometry": { "type": "Point", "coordinates": [ -88.0792713, 41.7911828 ] } },
{ "type": "Feature", "properties": { "track_fid": 0, "track_seg_id": 0, "track_seg_point_id": 188, "ele": 201.0, "time": "2026-06-24T12:11:17Z", "ns3_TrackPointExtension": "            <ns3:hr>155</ns3:hr>            <ns3:cad>86</ns3:cad>          " }, "geometry": { "type": "Point", "coordinates": [ -88.0792192, 41.7911282 ] } },
{ "type": "Feature", "properties": { "track_fid": 0, "track_seg_id": 0, "track_seg_point_id": 189, "ele": 201.0, "time": "2026-06-24T12:11:18Z", "ns3_TrackPointExtension": "            <ns3:hr>156</ns3:hr>            <ns3:cad>86</ns3:cad>          " }, "geometry": { "type": "Point", "coordinates": [ -88.0791902, 41.7911195 ] } },
{ "type": "Feature", "properties": { "track_fid": 0, "track_seg_id": 0, "track_seg_point_id": 190, "ele": 200.0, "time": "2026-06-24T12:11:26Z", "ns3_TrackPointExtension": "            <ns3:hr>157</ns3:hr>            <ns3:cad>84</ns3:cad>          " }, "geometry": { "type": "Point", "coordinates": [ -88.078939, 41.7911017 ] } },
{ "type": "Feature", "properties": { "track_fid": 0, "track_seg_id": 0, "track_seg_point_id": 191, "ele": 200.0, "time": "2026-06-24T12:11:27Z", "ns3_TrackPointExtension": "            <ns3:hr>157</ns3:hr>            <ns3:cad>84</ns3:cad>          " }, "geometry": { "type": "Point", "coordinates": [ -88.0789065, 41.7910988 ] } },
{ "type": "Feature", "properties": { "track_fid": 0, "track_seg_id": 0, "track_seg_point_id": 192, "ele": 200.0, "time": "2026-06-24T12:11:30Z", "ns3_TrackPointExtension": "            <ns3:hr>157</ns3:hr>            <ns3:cad>85</ns3:cad>          " }, "geometry": { "type": "Point", "coordinates": [ -88.0788269, 41.7911193 ] } },
{ "type": "Feature", "properties": { "track_fid": 0, "track_seg_id": 0, "track_seg_point_id": 193, "ele": 200.0, "time": "2026-06-24T12:11:31Z", "ns3_TrackPointExtension": "            <ns3:hr>157</ns3:hr>            <ns3:cad>86</ns3:cad>          " }, "geometry": { "type": "Point", "coordinates": [ -88.0788185, 41.791137 ] } },
{ "type": "Feature", "properties": { "track_fid": 0, "track_seg_id": 0, "track_seg_point_id": 194, "ele": 200.0, "time": "2026-06-24T12:11:38Z", "ns3_TrackPointExtension": "            <ns3:hr>157</ns3:hr>            <ns3:cad>88</ns3:cad>          " }, "geometry": { "type": "Point", "coordinates": [ -88.0787668, 41.7913274 ] } },
{ "type": "Feature", "properties": { "track_fid": 0, "track_seg_id": 0, "track_seg_point_id": 195, "ele": 200.0, "time": "2026-06-24T12:11:40Z", "ns3_TrackPointExtension": "            <ns3:hr>157</ns3:hr>            <ns3:cad>88</ns3:cad>          " }, "geometry": { "type": "Point", "coordinates": [ -88.0787513, 41.7913786 ] } },
{ "type": "Feature", "properties": { "track_fid": 0, "track_seg_id": 0, "track_seg_point_id": 196, "ele": 200.0, "time": "2026-06-24T12:11:44Z", "ns3_TrackPointExtension": "            <ns3:hr>154</ns3:hr>            <ns3:cad>88</ns3:cad>          " }, "geometry": { "type": "Point", "coordinates": [ -88.0787189, 41.7914849 ] } },
{ "type": "Feature", "properties": { "track_fid": 0, "track_seg_id": 0, "track_seg_point_id": 197, "ele": 200.0, "time": "2026-06-24T12:11:48Z", "ns3_TrackPointExtension": "            <ns3:hr>153</ns3:hr>            <ns3:cad>88</ns3:cad>          " }, "geometry": { "type": "Point", "coordinates": [ -88.0786837, 41.7915981 ] } },
{ "type": "Feature", "properties": { "track_fid": 0, "track_seg_id": 0, "track_seg_point_id": 198, "ele": 200.0, "time": "2026-06-24T12:11:55Z", "ns3_TrackPointExtension": "            <ns3:hr>153</ns3:hr>            <ns3:cad>89</ns3:cad>          " }, "geometry": { "type": "Point", "coordinates": [ -88.0786444, 41.791796 ] } },
{ "type": "Feature", "properties": { "track_fid": 0, "track_seg_id": 0, "track_seg_point_id": 199, "ele": 200.0, "time": "2026-06-24T12:11:57Z", "ns3_TrackPointExtension": "            <ns3:hr>152</ns3:hr>            <ns3:cad>89</ns3:cad>          " }, "geometry": { "type": "Point", "coordinates": [ -88.0786344, 41.7918491 ] } },
{ "type": "Feature", "properties": { "track_fid": 0, "track_seg_id": 0, "track_seg_point_id": 200, "ele": 200.19999694824219, "time": "2026-06-24T12:12:04Z", "ns3_TrackPointExtension": "            <ns3:hr>151</ns3:hr>            <ns3:cad>89</ns3:cad>          " }, "geometry": { "type": "Point", "coordinates": [ -88.078624, 41.7920384 ] } },
{ "type": "Feature", "properties": { "track_fid": 0, "track_seg_id": 0, "track_seg_point_id": 201, "ele": 200.19999694824219, "time": "2026-06-24T12:12:06Z", "ns3_TrackPointExtension": "            <ns3:hr>151</ns3:hr>            <ns3:cad>89</ns3:cad>          " }, "geometry": { "type": "Point", "coordinates": [ -88.0786252, 41.7920897 ] } },
{ "type": "Feature", "properties": { "track_fid": 0, "track_seg_id": 0, "track_seg_point_id": 202, "ele": 200.0, "time": "2026-06-24T12:12:14Z", "ns3_TrackPointExtension": "            <ns3:hr>149</ns3:hr>            <ns3:cad>83</ns3:cad>          " }, "geometry": { "type": "Point", "coordinates": [ -88.0786539, 41.7922683 ] } },
{ "type": "Feature", "properties": { "track_fid": 0, "track_seg_id": 0, "track_seg_point_id": 203, "ele": 200.0, "time": "2026-06-24T12:12:22Z", "ns3_TrackPointExtension": "            <ns3:hr>148</ns3:hr>            <ns3:cad>87</ns3:cad>          " }, "geometry": { "type": "Point", "coordinates": [ -88.0786943, 41.7924667 ] } },
{ "type": "Feature", "properties": { "track_fid": 0, "track_seg_id": 0, "track_seg_point_id": 204, "ele": 200.0, "time": "2026-06-24T12:12:25Z", "ns3_TrackPointExtension": "            <ns3:hr>149</ns3:hr>            <ns3:cad>87</ns3:cad>          " }, "geometry": { "type": "Point", "coordinates": [ -88.0786567, 41.7925255 ] } },
{ "type": "Feature", "properties": { "track_fid": 0, "track_seg_id": 0, "track_seg_point_id": 205, "ele": 200.0, "time": "2026-06-24T12:12:27Z", "ns3_TrackPointExtension": "            <ns3:hr>151</ns3:hr>            <ns3:cad>86</ns3:cad>          " }, "geometry": { "type": "Point", "coordinates": [ -88.0785892, 41.7925196 ] } },
{ "type": "Feature", "properties": { "track_fid": 0, "track_seg_id": 0, "track_seg_point_id": 206, "ele": 200.0, "time": "2026-06-24T12:12:28Z", "ns3_TrackPointExtension": "            <ns3:hr>152</ns3:hr>            <ns3:cad>86</ns3:cad>          " }, "geometry": { "type": "Point", "coordinates": [ -88.0785534, 41.7925115 ] } },
{ "type": "Feature", "properties": { "track_fid": 0, "track_seg_id": 0, "track_seg_point_id": 207, "ele": 200.19999694824219, "time": "2026-06-24T12:12:35Z", "ns3_TrackPointExtension": "            <ns3:hr>155</ns3:hr>            <ns3:cad>88</ns3:cad>          " }, "geometry": { "type": "Point", "coordinates": [ -88.0782954, 41.7924805 ] } },
{ "type": "Feature", "properties": { "track_fid": 0, "track_seg_id": 0, "track_seg_point_id": 208, "ele": 200.39999389648438, "time": "2026-06-24T12:12:36Z", "ns3_TrackPointExtension": "            <ns3:hr>155</ns3:hr>            <ns3:cad>88</ns3:cad>          " }, "geometry": { "type": "Point", "coordinates": [ -88.0782621, 41.792485 ] } },
{ "type": "Feature", "properties": { "track_fid": 0, "track_seg_id": 0, "track_seg_point_id": 209, "ele": 201.0, "time": "2026-06-24T12:12:43Z", "ns3_TrackPointExtension": "            <ns3:hr>153</ns3:hr>            <ns3:cad>88</ns3:cad>          " }, "geometry": { "type": "Point", "coordinates": [ -88.0780288, 41.7925674 ] } },
{ "type": "Feature", "properties": { "track_fid": 0, "track_seg_id": 0, "track_seg_point_id": 210, "ele": 201.0, "time": "2026-06-24T12:12:49Z", "ns3_TrackPointExtension": "            <ns3:hr>152</ns3:hr>            <ns3:cad>90</ns3:cad>          " }, "geometry": { "type": "Point", "coordinates": [ -88.0778007, 41.7926424 ] } },
{ "type": "Feature", "properties": { "track_fid": 0, "track_seg_id": 0, "track_seg_point_id": 211, "ele": 201.0, "time": "2026-06-24T12:12:51Z", "ns3_TrackPointExtension": "            <ns3:hr>152</ns3:hr>            <ns3:cad>90</ns3:cad>          " }, "geometry": { "type": "Point", "coordinates": [ -88.0777197, 41.7926662 ] } },
{ "type": "Feature", "properties": { "track_fid": 0, "track_seg_id": 0, "track_seg_point_id": 212, "ele": 201.0, "time": "2026-06-24T12:12:57Z", "ns3_TrackPointExtension": "            <ns3:hr>152</ns3:hr>            <ns3:cad>89</ns3:cad>          " }, "geometry": { "type": "Point", "coordinates": [ -88.0774802, 41.792707 ] } },
{ "type": "Feature", "properties": { "track_fid": 0, "track_seg_id": 0, "track_seg_point_id": 213, "ele": 201.0, "time": "2026-06-24T12:12:59Z", "ns3_TrackPointExtension": "            <ns3:hr>152</ns3:hr>            <ns3:cad>89</ns3:cad>          " }, "geometry": { "type": "Point", "coordinates": [ -88.0774024, 41.7927203 ] } },
{ "type": "Feature", "properties": { "track_fid": 0, "track_seg_id": 0, "track_seg_point_id": 214, "ele": 201.0, "time": "2026-06-24T12:13:05Z", "ns3_TrackPointExtension": "            <ns3:hr>152</ns3:hr>            <ns3:cad>89</ns3:cad>          " }, "geometry": { "type": "Point", "coordinates": [ -88.077196, 41.7927227 ] } },
{ "type": "Feature", "properties": { "track_fid": 0, "track_seg_id": 0, "track_seg_point_id": 215, "ele": 201.0, "time": "2026-06-24T12:13:06Z", "ns3_TrackPointExtension": "            <ns3:hr>152</ns3:hr>            <ns3:cad>87</ns3:cad>          " }, "geometry": { "type": "Point", "coordinates": [ -88.0771679, 41.7926983 ] } },
{ "type": "Feature", "properties": { "track_fid": 0, "track_seg_id": 0, "track_seg_point_id": 216, "ele": 201.0, "time": "2026-06-24T12:13:07Z", "ns3_TrackPointExtension": "            <ns3:hr>152</ns3:hr>            <ns3:cad>87</ns3:cad>          " }, "geometry": { "type": "Point", "coordinates": [ -88.0771534, 41.7926703 ] } },
{ "type": "Feature", "properties": { "track_fid": 0, "track_seg_id": 0, "track_seg_point_id": 217, "ele": 201.0, "time": "2026-06-24T12:13:10Z", "ns3_TrackPointExtension": "            <ns3:hr>152</ns3:hr>            <ns3:cad>87</ns3:cad>          " }, "geometry": { "type": "Point", "coordinates": [ -88.0771214, 41.7925704 ] } },
{ "type": "Feature", "properties": { "track_fid": 0, "track_seg_id": 0, "track_seg_point_id": 218, "ele": 201.0, "time": "2026-06-24T12:13:16Z", "ns3_TrackPointExtension": "            <ns3:hr>155</ns3:hr>            <ns3:cad>88</ns3:cad>          " }, "geometry": { "type": "Point", "coordinates": [ -88.0770947, 41.7924032 ] } },
{ "type": "Feature", "properties": { "track_fid": 0, "track_seg_id": 0, "track_seg_point_id": 219, "ele": 201.0, "time": "2026-06-24T12:13:17Z", "ns3_TrackPointExtension": "            <ns3:hr>155</ns3:hr>            <ns3:cad>88</ns3:cad>          " }, "geometry": { "type": "Point", "coordinates": [ -88.077092, 41.7923768 ] } },
{ "type": "Feature", "properties": { "track_fid": 0, "track_seg_id": 0, "track_seg_point_id": 220, "ele": 201.0, "time": "2026-06-24T12:13:25Z", "ns3_TrackPointExtension": "            <ns3:hr>156</ns3:hr>            <ns3:cad>88</ns3:cad>          " }, "geometry": { "type": "Point", "coordinates": [ -88.0770587, 41.7921707 ] } },
{ "type": "Feature", "properties": { "track_fid": 0, "track_seg_id": 0, "track_seg_point_id": 221, "ele": 201.0, "time": "2026-06-24T12:13:27Z", "ns3_TrackPointExtension": "            <ns3:hr>157</ns3:hr>            <ns3:cad>88</ns3:cad>          " }, "geometry": { "type": "Point", "coordinates": [ -88.0770476, 41.7921187 ] } },
{ "type": "Feature", "properties": { "track_fid": 0, "track_seg_id": 0, "track_seg_point_id": 222, "ele": 201.0, "time": "2026-06-24T12:13:34Z", "ns3_TrackPointExtension": "            <ns3:hr>157</ns3:hr>            <ns3:cad>88</ns3:cad>          " }, "geometry": { "type": "Point", "coordinates": [ -88.0770047, 41.7919328 ] } },
{ "type": "Feature", "properties": { "track_fid": 0, "track_seg_id": 0, "track_seg_point_id": 223, "ele": 201.0, "time": "2026-06-24T12:13:41Z", "ns3_TrackPointExtension": "            <ns3:hr>155</ns3:hr>            <ns3:cad>88</ns3:cad>          " }, "geometry": { "type": "Point", "coordinates": [ -88.0769606, 41.7917484 ] } },
{ "type": "Feature", "properties": { "track_fid": 0, "track_seg_id": 0, "track_seg_point_id": 224, "ele": 201.0, "time": "2026-06-24T12:13:44Z", "ns3_TrackPointExtension": "            <ns3:hr>155</ns3:hr>            <ns3:cad>89</ns3:cad>          " }, "geometry": { "type": "Point", "coordinates": [ -88.0769469, 41.7916733 ] } },
{ "type": "Feature", "properties": { "track_fid": 0, "track_seg_id": 0, "track_seg_point_id": 225, "ele": 201.0, "time": "2026-06-24T12:13:52Z", "ns3_TrackPointExtension": "            <ns3:hr>155</ns3:hr>            <ns3:cad>88</ns3:cad>          " }, "geometry": { "type": "Point", "coordinates": [ -88.0769063, 41.7914715 ] } },
{ "type": "Feature", "properties": { "track_fid": 0, "track_seg_id": 0, "track_seg_point_id": 226, "ele": 201.0, "time": "2026-06-24T12:13:53Z", "ns3_TrackPointExtension": "            <ns3:hr>155</ns3:hr>            <ns3:cad>88</ns3:cad>          " }, "geometry": { "type": "Point", "coordinates": [ -88.0769063, 41.7914467 ] } },
{ "type": "Feature", "properties": { "track_fid": 0, "track_seg_id": 0, "track_seg_point_id": 227, "ele": 201.0, "time": "2026-06-24T12:13:58Z", "ns3_TrackPointExtension": "            <ns3:hr>155</ns3:hr>            <ns3:cad>88</ns3:cad>          " }, "geometry": { "type": "Point", "coordinates": [ -88.0768738, 41.7913101 ] } },
{ "type": "Feature", "properties": { "track_fid": 0, "track_seg_id": 0, "track_seg_point_id": 228, "ele": 201.0, "time": "2026-06-24T12:13:59Z", "ns3_TrackPointExtension": "            <ns3:hr>155</ns3:hr>            <ns3:cad>88</ns3:cad>          " }, "geometry": { "type": "Point", "coordinates": [ -88.0768644, 41.7912832 ] } },
{ "type": "Feature", "properties": { "track_fid": 0, "track_seg_id": 0, "track_seg_point_id": 229, "ele": 201.0, "time": "2026-06-24T12:14:04Z", "ns3_TrackPointExtension": "            <ns3:hr>155</ns3:hr>            <ns3:cad>89</ns3:cad>          " }, "geometry": { "type": "Point", "coordinates": [ -88.0768313, 41.7912001 ] } },
{ "type": "Feature", "properties": { "track_fid": 0, "track_seg_id": 0, "track_seg_point_id": 230, "ele": 201.0, "time": "2026-06-24T12:14:09Z", "ns3_TrackPointExtension": "            <ns3:hr>156</ns3:hr>            <ns3:cad>0</ns3:cad>          " }, "geometry": { "type": "Point", "coordinates": [ -88.0768089, 41.7911283 ] } },
{ "type": "Feature", "properties": { "track_fid": 0, "track_seg_id": 0, "track_seg_point_id": 231, "ele": 201.0, "time": "2026-06-24T12:14:14Z", "ns3_TrackPointExtension": "            <ns3:hr>155</ns3:hr>            <ns3:cad>88</ns3:cad>          " }, "geometry": { "type": "Point", "coordinates": [ -88.0767469, 41.7910004 ] } },
{ "type": "Feature", "properties": { "track_fid": 0, "track_seg_id": 0, "track_seg_point_id": 232, "ele": 201.19999694824219, "time": "2026-06-24T12:14:21Z", "ns3_TrackPointExtension": "            <ns3:hr>154</ns3:hr>            <ns3:cad>88</ns3:cad>          " }, "geometry": { "type": "Point", "coordinates": [ -88.0766658, 41.7908111 ] } },
{ "type": "Feature", "properties": { "track_fid": 0, "track_seg_id": 0, "track_seg_point_id": 233, "ele": 201.19999694824219, "time": "2026-06-24T12:14:25Z", "ns3_TrackPointExtension": "            <ns3:hr>150</ns3:hr>            <ns3:cad>88</ns3:cad>          " }, "geometry": { "type": "Point", "coordinates": [ -88.0766465, 41.7907 ] } },
{ "type": "Feature", "properties": { "track_fid": 0, "track_seg_id": 0, "track_seg_point_id": 234, "ele": 201.0, "time": "2026-06-24T12:14:29Z", "ns3_TrackPointExtension": "            <ns3:hr>150</ns3:hr>            <ns3:cad>87</ns3:cad>          " }, "geometry": { "type": "Point", "coordinates": [ -88.0766942, 41.7905944 ] } },
{ "type": "Feature", "properties": { "track_fid": 0, "track_seg_id": 0, "track_seg_point_id": 235, "ele": 201.0, "time": "2026-06-24T12:14:35Z", "ns3_TrackPointExtension": "            <ns3:hr>151</ns3:hr>            <ns3:cad>88</ns3:cad>          " }, "geometry": { "type": "Point", "coordinates": [ -88.076872, 41.7904876 ] } },
{ "type": "Feature", "properties": { "track_fid": 0, "track_seg_id": 0, "track_seg_point_id": 236, "ele": 201.0, "time": "2026-06-24T12:14:41Z", "ns3_TrackPointExtension": "            <ns3:hr>152</ns3:hr>            <ns3:cad>88</ns3:cad>          " }, "geometry": { "type": "Point", "coordinates": [ -88.0771112, 41.790442 ] } },
{ "type": "Feature", "properties": { "track_fid": 0, "track_seg_id": 0, "track_seg_point_id": 237, "ele": 201.0, "time": "2026-06-24T12:14:42Z", "ns3_TrackPointExtension": "            <ns3:hr>152</ns3:hr>            <ns3:cad>88</ns3:cad>          " }, "geometry": { "type": "Point", "coordinates": [ -88.0771483, 41.7904372 ] } },
{ "type": "Feature", "properties": { "track_fid": 0, "track_seg_id": 0, "track_seg_point_id": 238, "ele": 201.0, "time": "2026-06-24T12:14:47Z", "ns3_TrackPointExtension": "            <ns3:hr>155</ns3:hr>            <ns3:cad>88</ns3:cad>          " }, "geometry": { "type": "Point", "coordinates": [ -88.0773232, 41.7903982 ] } },
{ "type": "Feature", "properties": { "track_fid": 0, "track_seg_id": 0, "track_seg_point_id": 239, "ele": 201.0, "time": "2026-06-24T12:14:49Z", "ns3_TrackPointExtension": "            <ns3:hr>156</ns3:hr>            <ns3:cad>88</ns3:cad>          " }, "geometry": { "type": "Point", "coordinates": [ -88.077372, 41.7903601 ] } },
{ "type": "Feature", "properties": { "track_fid": 0, "track_seg_id": 0, "track_seg_point_id": 240, "ele": 201.0, "time": "2026-06-24T12:14:55Z", "ns3_TrackPointExtension": "            <ns3:hr>156</ns3:hr>            <ns3:cad>88</ns3:cad>          " }, "geometry": { "type": "Point", "coordinates": [ -88.0773963, 41.7902044 ] } },
{ "type": "Feature", "properties": { "track_fid": 0, "track_seg_id": 0, "track_seg_point_id": 241, "ele": 201.0, "time": "2026-06-24T12:15:02Z", "ns3_TrackPointExtension": "            <ns3:hr>156</ns3:hr>            <ns3:cad>89</ns3:cad>          " }, "geometry": { "type": "Point", "coordinates": [ -88.0773686, 41.7900214 ] } },
{ "type": "Feature", "properties": { "track_fid": 0, "track_seg_id": 0, "track_seg_point_id": 242, "ele": 201.0, "time": "2026-06-24T12:15:05Z", "ns3_TrackPointExtension": "            <ns3:hr>156</ns3:hr>            <ns3:cad>88</ns3:cad>          " }, "geometry": { "type": "Point", "coordinates": [ -88.0773859, 41.789944 ] } },
{ "type": "Feature", "properties": { "track_fid": 0, "track_seg_id": 0, "track_seg_point_id": 243, "ele": 201.0, "time": "2026-06-24T12:15:12Z", "ns3_TrackPointExtension": "            <ns3:hr>157</ns3:hr>            <ns3:cad>88</ns3:cad>          " }, "geometry": { "type": "Point", "coordinates": [ -88.0775224, 41.7897964 ] } },
{ "type": "Feature", "properties": { "track_fid": 0, "track_seg_id": 0, "track_seg_point_id": 244, "ele": 201.0, "time": "2026-06-24T12:15:19Z", "ns3_TrackPointExtension": "            <ns3:hr>155</ns3:hr>            <ns3:cad>89</ns3:cad>          " }, "geometry": { "type": "Point", "coordinates": [ -88.0777678, 41.7897384 ] } },
{ "type": "Feature", "properties": { "track_fid": 0, "track_seg_id": 0, "track_seg_point_id": 245, "ele": 201.0, "time": "2026-06-24T12:15:26Z", "ns3_TrackPointExtension": "            <ns3:hr>155</ns3:hr>            <ns3:cad>88</ns3:cad>          " }, "geometry": { "type": "Point", "coordinates": [ -88.0780296, 41.7896831 ] } },
{ "type": "Feature", "properties": { "track_fid": 0, "track_seg_id": 0, "track_seg_point_id": 246, "ele": 201.0, "time": "2026-06-24T12:15:32Z", "ns3_TrackPointExtension": "            <ns3:hr>153</ns3:hr>            <ns3:cad>88</ns3:cad>          " }, "geometry": { "type": "Point", "coordinates": [ -88.07823, 41.789647 ] } },
{ "type": "Feature", "properties": { "track_fid": 0, "track_seg_id": 0, "track_seg_point_id": 247, "ele": 201.0, "time": "2026-06-24T12:15:39Z", "ns3_TrackPointExtension": "            <ns3:hr>153</ns3:hr>            <ns3:cad>88</ns3:cad>          " }, "geometry": { "type": "Point", "coordinates": [ -88.0784863, 41.789621 ] } },
{ "type": "Feature", "properties": { "track_fid": 0, "track_seg_id": 0, "track_seg_point_id": 248, "ele": 201.0, "time": "2026-06-24T12:15:41Z", "ns3_TrackPointExtension": "            <ns3:hr>153</ns3:hr>            <ns3:cad>88</ns3:cad>          " }, "geometry": { "type": "Point", "coordinates": [ -88.0785619, 41.7896126 ] } },
{ "type": "Feature", "properties": { "track_fid": 0, "track_seg_id": 0, "track_seg_point_id": 249, "ele": 200.39999389648438, "time": "2026-06-24T12:15:48Z", "ns3_TrackPointExtension": "            <ns3:hr>155</ns3:hr>            <ns3:cad>90</ns3:cad>          " }, "geometry": { "type": "Point", "coordinates": [ -88.0788187, 41.7896062 ] } },
{ "type": "Feature", "properties": { "track_fid": 0, "track_seg_id": 0, "track_seg_point_id": 250, "ele": 200.0, "time": "2026-06-24T12:15:52Z", "ns3_TrackPointExtension": "            <ns3:hr>156</ns3:hr>            <ns3:cad>88</ns3:cad>          " }, "geometry": { "type": "Point", "coordinates": [ -88.0789575, 41.7896199 ] } },
{ "type": "Feature", "properties": { "track_fid": 0, "track_seg_id": 0, "track_seg_point_id": 251, "ele": 200.0, "time": "2026-06-24T12:15:57Z", "ns3_TrackPointExtension": "            <ns3:hr>156</ns3:hr>            <ns3:cad>86</ns3:cad>          " }, "geometry": { "type": "Point", "coordinates": [ -88.0790732, 41.7897132 ] } },
{ "type": "Feature", "properties": { "track_fid": 0, "track_seg_id": 0, "track_seg_point_id": 252, "ele": 200.0, "time": "2026-06-24T12:16:03Z", "ns3_TrackPointExtension": "            <ns3:hr>157</ns3:hr>            <ns3:cad>88</ns3:cad>          " }, "geometry": { "type": "Point", "coordinates": [ -88.0790669, 41.7898778 ] } },
{ "type": "Feature", "properties": { "track_fid": 0, "track_seg_id": 0, "track_seg_point_id": 253, "ele": 200.0, "time": "2026-06-24T12:16:10Z", "ns3_TrackPointExtension": "            <ns3:hr>159</ns3:hr>            <ns3:cad>88</ns3:cad>          " }, "geometry": { "type": "Point", "coordinates": [ -88.0790339, 41.7900797 ] } },
{ "type": "Feature", "properties": { "track_fid": 0, "track_seg_id": 0, "track_seg_point_id": 254, "ele": 200.0, "time": "2026-06-24T12:16:12Z", "ns3_TrackPointExtension": "            <ns3:hr>160</ns3:hr>            <ns3:cad>88</ns3:cad>          " }, "geometry": { "type": "Point", "coordinates": [ -88.07903, 41.7901295 ] } },
{ "type": "Feature", "properties": { "track_fid": 0, "track_seg_id": 0, "track_seg_point_id": 255, "ele": 200.0, "time": "2026-06-24T12:16:19Z", "ns3_TrackPointExtension": "            <ns3:hr>160</ns3:hr>            <ns3:cad>89</ns3:cad>          " }, "geometry": { "type": "Point", "coordinates": [ -88.0790053, 41.7903165 ] } },
{ "type": "Feature", "properties": { "track_fid": 0, "track_seg_id": 0, "track_seg_point_id": 256, "ele": 200.0, "time": "2026-06-24T12:16:25Z", "ns3_TrackPointExtension": "            <ns3:hr>160</ns3:hr>            <ns3:cad>90</ns3:cad>          " }, "geometry": { "type": "Point", "coordinates": [ -88.0789772, 41.7904956 ] } },
{ "type": "Feature", "properties": { "track_fid": 0, "track_seg_id": 0, "track_seg_point_id": 257, "ele": 200.0, "time": "2026-06-24T12:16:28Z", "ns3_TrackPointExtension": "            <ns3:hr>159</ns3:hr>            <ns3:cad>90</ns3:cad>          " }, "geometry": { "type": "Point", "coordinates": [ -88.0789654, 41.7905832 ] } },
{ "type": "Feature", "properties": { "track_fid": 0, "track_seg_id": 0, "track_seg_point_id": 258, "ele": 200.0, "time": "2026-06-24T12:16:35Z", "ns3_TrackPointExtension": "            <ns3:hr>159</ns3:hr>            <ns3:cad>89</ns3:cad>          " }, "geometry": { "type": "Point", "coordinates": [ -88.0789406, 41.7907826 ] } },
{ "type": "Feature", "properties": { "track_fid": 0, "track_seg_id": 0, "track_seg_point_id": 259, "ele": 200.0, "time": "2026-06-24T12:16:38Z", "ns3_TrackPointExtension": "            <ns3:hr>160</ns3:hr>            <ns3:cad>89</ns3:cad>          " }, "geometry": { "type": "Point", "coordinates": [ -88.0789317, 41.7908574 ] } },
{ "type": "Feature", "properties": { "track_fid": 0, "track_seg_id": 0, "track_seg_point_id": 260, "ele": 200.0, "time": "2026-06-24T12:16:45Z", "ns3_TrackPointExtension": "            <ns3:hr>160</ns3:hr>            <ns3:cad>89</ns3:cad>          " }, "geometry": { "type": "Point", "coordinates": [ -88.0789036, 41.7910507 ] } },
{ "type": "Feature", "properties": { "track_fid": 0, "track_seg_id": 0, "track_seg_point_id": 261, "ele": 200.0, "time": "2026-06-24T12:16:47Z", "ns3_TrackPointExtension": "            <ns3:hr>160</ns3:hr>            <ns3:cad>88</ns3:cad>          " }, "geometry": { "type": "Point", "coordinates": [ -88.0789136, 41.7910902 ] } },
{ "type": "Feature", "properties": { "track_fid": 0, "track_seg_id": 0, "track_seg_point_id": 262, "ele": 200.19999694824219, "time": "2026-06-24T12:16:51Z", "ns3_TrackPointExtension": "            <ns3:hr>161</ns3:hr>            <ns3:cad>87</ns3:cad>          " }, "geometry": { "type": "Point", "coordinates": [ -88.0789741, 41.7911037 ] } },
{ "type": "Feature", "properties": { "track_fid": 0, "track_seg_id": 0, "track_seg_point_id": 263, "ele": 200.39999389648438, "time": "2026-06-24T12:16:58Z", "ns3_TrackPointExtension": "            <ns3:hr>157</ns3:hr>            <ns3:cad>0</ns3:cad>          " }, "geometry": { "type": "Point", "coordinates": [ -88.0790374, 41.7911032 ] } },
{ "type": "Feature", "properties": { "track_fid": 0, "track_seg_id": 0, "track_seg_point_id": 264, "ele": 200.60000610351562, "time": "2026-06-24T12:17:03Z", "ns3_TrackPointExtension": "            <ns3:hr>154</ns3:hr>            <ns3:cad>53</ns3:cad>          " }, "geometry": { "type": "Point", "coordinates": [ -88.0791008, 41.7911138 ] } },
{ "type": "Feature", "properties": { "track_fid": 0, "track_seg_id": 0, "track_seg_point_id": 265, "ele": 200.80000305175781, "time": "2026-06-24T12:17:07Z", "ns3_TrackPointExtension": "            <ns3:hr>153</ns3:hr>            <ns3:cad>57</ns3:cad>          " }, "geometry": { "type": "Point", "coordinates": [ -88.0791564, 41.7911248 ] } },
{ "type": "Feature", "properties": { "track_fid": 0, "track_seg_id": 0, "track_seg_point_id": 266, "ele": 201.0, "time": "2026-06-24T12:17:12Z", "ns3_TrackPointExtension": "            <ns3:hr>150</ns3:hr>            <ns3:cad>56</ns3:cad>          " }, "geometry": { "type": "Point", "coordinates": [ -88.0792187, 41.7911296 ] } },
{ "type": "Feature", "properties": { "track_fid": 0, "track_seg_id": 0, "track_seg_point_id": 267, "ele": 201.0, "time": "2026-06-24T12:17:15Z", "ns3_TrackPointExtension": "            <ns3:hr>148</ns3:hr>            <ns3:cad>70</ns3:cad>          " }, "geometry": { "type": "Point", "coordinates": [ -88.0792666, 41.7911263 ] } },
{ "type": "Feature", "properties": { "track_fid": 0, "track_seg_id": 0, "track_seg_point_id": 268, "ele": 201.0, "time": "2026-06-24T12:17:16Z", "ns3_TrackPointExtension": "            <ns3:hr>147</ns3:hr>            <ns3:cad>70</ns3:cad>          " }, "geometry": { "type": "Point", "coordinates": [ -88.0792764, 41.7911118 ] } },
{ "type": "Feature", "properties": { "track_fid": 0, "track_seg_id": 0, "track_seg_point_id": 269, "ele": 201.0, "time": "2026-06-24T12:17:20Z", "ns3_TrackPointExtension": "            <ns3:hr>144</ns3:hr>            <ns3:cad>81</ns3:cad>          " }, "geometry": { "type": "Point", "coordinates": [ -88.079319, 41.7910103 ] } },
{ "type": "Feature", "properties": { "track_fid": 0, "track_seg_id": 0, "track_seg_point_id": 270, "ele": 201.0, "time": "2026-06-24T12:17:21Z", "ns3_TrackPointExtension": "            <ns3:hr>144</ns3:hr>            <ns3:cad>81</ns3:cad>          " }, "geometry": { "type": "Point", "coordinates": [ -88.0793318, 41.7909764 ] } },
{ "type": "Feature", "properties": { "track_fid": 0, "track_seg_id": 0, "track_seg_point_id": 271, "ele": 200.80000305175781, "time": "2026-06-24T12:17:27Z", "ns3_TrackPointExtension": "            <ns3:hr>141</ns3:hr>            <ns3:cad>89</ns3:cad>          " }, "geometry": { "type": "Point", "coordinates": [ -88.0793648, 41.7907698 ] } },
{ "type": "Feature", "properties": { "track_fid": 0, "track_seg_id": 0, "track_seg_point_id": 272, "ele": 200.60000610351562, "time": "2026-06-24T12:17:28Z", "ns3_TrackPointExtension": "            <ns3:hr>141</ns3:hr>            <ns3:cad>89</ns3:cad>          " }, "geometry": { "type": "Point", "coordinates": [ -88.0793668, 41.7907333 ] } },
{ "type": "Feature", "properties": { "track_fid": 0, "track_seg_id": 0, "track_seg_point_id": 273, "ele": 200.60000610351562, "time": "2026-06-24T12:17:34Z", "ns3_TrackPointExtension": "            <ns3:hr>140</ns3:hr>            <ns3:cad>90</ns3:cad>          " }, "geometry": { "type": "Point", "coordinates": [ -88.0793993, 41.7905521 ] } },
{ "type": "Feature", "properties": { "track_fid": 0, "track_seg_id": 0, "track_seg_point_id": 274, "ele": 200.60000610351562, "time": "2026-06-24T12:17:35Z", "ns3_TrackPointExtension": "            <ns3:hr>140</ns3:hr>            <ns3:cad>89</ns3:cad>          " }, "geometry": { "type": "Point", "coordinates": [ -88.0794014, 41.7905243 ] } },
{ "type": "Feature", "properties": { "track_fid": 0, "track_seg_id": 0, "track_seg_point_id": 275, "ele": 200.80000305175781, "time": "2026-06-24T12:17:42Z", "ns3_TrackPointExtension": "            <ns3:hr>141</ns3:hr>            <ns3:cad>89</ns3:cad>          " }, "geometry": { "type": "Point", "coordinates": [ -88.0794173, 41.7903221 ] } },
{ "type": "Feature", "properties": { "track_fid": 0, "track_seg_id": 0, "track_seg_point_id": 276, "ele": 200.80000305175781, "time": "2026-06-24T12:17:44Z", "ns3_TrackPointExtension": "            <ns3:hr>142</ns3:hr>            <ns3:cad>89</ns3:cad>          " }, "geometry": { "type": "Point", "coordinates": [ -88.0794283, 41.7902634 ] } },
{ "type": "Feature", "properties": { "track_fid": 0, "track_seg_id": 0, "track_seg_point_id": 277, "ele": 200.80000305175781, "time": "2026-06-24T12:17:47Z", "ns3_TrackPointExtension": "            <ns3:hr>145</ns3:hr>            <ns3:cad>88</ns3:cad>          " }, "geometry": { "type": "Point", "coordinates": [ -88.0794456, 41.7901775 ] } },
{ "type": "Feature", "properties": { "track_fid": 0, "track_seg_id": 0, "track_seg_point_id": 278, "ele": 201.0, "time": "2026-06-24T12:17:53Z", "ns3_TrackPointExtension": "            <ns3:hr>145</ns3:hr>            <ns3:cad>89</ns3:cad>          " }, "geometry": { "type": "Point", "coordinates": [ -88.0794666, 41.7900193 ] } },
{ "type": "Feature", "properties": { "track_fid": 0, "track_seg_id": 0, "track_seg_point_id": 279, "ele": 201.0, "time": "2026-06-24T12:18:00Z", "ns3_TrackPointExtension": "            <ns3:hr>146</ns3:hr>            <ns3:cad>90</ns3:cad>          " }, "geometry": { "type": "Point", "coordinates": [ -88.0794679, 41.7898284 ] } },
{ "type": "Feature", "properties": { "track_fid": 0, "track_seg_id": 0, "track_seg_point_id": 280, "ele": 201.0, "time": "2026-06-24T12:18:02Z", "ns3_TrackPointExtension": "            <ns3:hr>146</ns3:hr>            <ns3:cad>89</ns3:cad>          " }, "geometry": { "type": "Point", "coordinates": [ -88.0794692, 41.7897763 ] } },
{ "type": "Feature", "properties": { "track_fid": 0, "track_seg_id": 0, "track_seg_point_id": 281, "ele": 201.0, "time": "2026-06-24T12:18:09Z", "ns3_TrackPointExtension": "            <ns3:hr>148</ns3:hr>            <ns3:cad>89</ns3:cad>          " }, "geometry": { "type": "Point", "coordinates": [ -88.0794987, 41.7895846 ] } },
{ "type": "Feature", "properties": { "track_fid": 0, "track_seg_id": 0, "track_seg_point_id": 282, "ele": 201.0, "time": "2026-06-24T12:18:11Z", "ns3_TrackPointExtension": "            <ns3:hr>150</ns3:hr>            <ns3:cad>90</ns3:cad>          " }, "geometry": { "type": "Point", "coordinates": [ -88.0795041, 41.7895292 ] } },
{ "type": "Feature", "properties": { "track_fid": 0, "track_seg_id": 0, "track_seg_point_id": 283, "ele": 201.0, "time": "2026-06-24T12:18:18Z", "ns3_TrackPointExtension": "            <ns3:hr>151</ns3:hr>            <ns3:cad>89</ns3:cad>          " }, "geometry": { "type": "Point", "coordinates": [ -88.0795321, 41.789334 ] } },
{ "type": "Feature", "properties": { "track_fid": 0, "track_seg_id": 0, "track_seg_point_id": 284, "ele": 201.0, "time": "2026-06-24T12:18:21Z", "ns3_TrackPointExtension": "            <ns3:hr>152</ns3:hr>            <ns3:cad>89</ns3:cad>          " }, "geometry": { "type": "Point", "coordinates": [ -88.0795442, 41.7892538 ] } },
{ "type": "Feature", "properties": { "track_fid": 0, "track_seg_id": 0, "track_seg_point_id": 285, "ele": 201.0, "time": "2026-06-24T12:18:28Z", "ns3_TrackPointExtension": "            <ns3:hr>152</ns3:hr>            <ns3:cad>89</ns3:cad>          " }, "geometry": { "type": "Point", "coordinates": [ -88.0796098, 41.7890648 ] } },
{ "type": "Feature", "properties": { "track_fid": 0, "track_seg_id": 0, "track_seg_point_id": 286, "ele": 201.0, "time": "2026-06-24T12:18:30Z", "ns3_TrackPointExtension": "            <ns3:hr>153</ns3:hr>            <ns3:cad>89</ns3:cad>          " }, "geometry": { "type": "Point", "coordinates": [ -88.0796435, 41.7890185 ] } },
{ "type": "Feature", "properties": { "track_fid": 0, "track_seg_id": 0, "track_seg_point_id": 287, "ele": 201.0, "time": "2026-06-24T12:18:37Z", "ns3_TrackPointExtension": "            <ns3:hr>154</ns3:hr>            <ns3:cad>89</ns3:cad>          " }, "geometry": { "type": "Point", "coordinates": [ -88.0797609, 41.7888512 ] } },
{ "type": "Feature", "properties": { "track_fid": 0, "track_seg_id": 0, "track_seg_point_id": 288, "ele": 201.19999694824219, "time": "2026-06-24T12:18:41Z", "ns3_TrackPointExtension": "            <ns3:hr>154</ns3:hr>            <ns3:cad>89</ns3:cad>          " }, "geometry": { "type": "Point", "coordinates": [ -88.0798232, 41.7887561 ] } },
{ "type": "Feature", "properties": { "track_fid": 0, "track_seg_id": 0, "track_seg_point_id": 289, "ele": 201.0, "time": "2026-06-24T12:18:48Z", "ns3_TrackPointExtension": "            <ns3:hr>155</ns3:hr>            <ns3:cad>87</ns3:cad>          " }, "geometry": { "type": "Point", "coordinates": [ -88.0798965, 41.7885806 ] } },
{ "type": "Feature", "properties": { "track_fid": 0, "track_seg_id": 0, "track_seg_point_id": 290, "ele": 201.19999694824219, "time": "2026-06-24T12:18:54Z", "ns3_TrackPointExtension": "            <ns3:hr>155</ns3:hr>            <ns3:cad>88</ns3:cad>          " }, "geometry": { "type": "Point", "coordinates": [ -88.0800457, 41.7884497 ] } },
{ "type": "Feature", "properties": { "track_fid": 0, "track_seg_id": 0, "track_seg_point_id": 291, "ele": 201.80000305175781, "time": "2026-06-24T12:19:00Z", "ns3_TrackPointExtension": "            <ns3:hr>154</ns3:hr>            <ns3:cad>89</ns3:cad>          " }, "geometry": { "type": "Point", "coordinates": [ -88.0802605, 41.7884211 ] } },
{ "type": "Feature", "properties": { "track_fid": 0, "track_seg_id": 0, "track_seg_point_id": 292, "ele": 202.0, "time": "2026-06-24T12:19:07Z", "ns3_TrackPointExtension": "            <ns3:hr>154</ns3:hr>            <ns3:cad>88</ns3:cad>          " }, "geometry": { "type": "Point", "coordinates": [ -88.0805107, 41.7884074 ] } },
{ "type": "Feature", "properties": { "track_fid": 0, "track_seg_id": 0, "track_seg_point_id": 293, "ele": 202.0, "time": "2026-06-24T12:19:09Z", "ns3_TrackPointExtension": "            <ns3:hr>154</ns3:hr>            <ns3:cad>88</ns3:cad>          " }, "geometry": { "type": "Point", "coordinates": [ -88.080585, 41.7883999 ] } },
{ "type": "Feature", "properties": { "track_fid": 0, "track_seg_id": 0, "track_seg_point_id": 294, "ele": 202.0, "time": "2026-06-24T12:19:16Z", "ns3_TrackPointExtension": "            <ns3:hr>154</ns3:hr>            <ns3:cad>89</ns3:cad>          " }, "geometry": { "type": "Point", "coordinates": [ -88.0808309, 41.7883704 ] } },
{ "type": "Feature", "properties": { "track_fid": 0, "track_seg_id": 0, "track_seg_point_id": 295, "ele": 202.0, "time": "2026-06-24T12:19:18Z", "ns3_TrackPointExtension": "            <ns3:hr>154</ns3:hr>            <ns3:cad>88</ns3:cad>          " }, "geometry": { "type": "Point", "coordinates": [ -88.080899, 41.7883622 ] } },
{ "type": "Feature", "properties": { "track_fid": 0, "track_seg_id": 0, "track_seg_point_id": 296, "ele": 202.0, "time": "2026-06-24T12:19:25Z", "ns3_TrackPointExtension": "            <ns3:hr>155</ns3:hr>            <ns3:cad>89</ns3:cad>          " }, "geometry": { "type": "Point", "coordinates": [ -88.0811397, 41.788337 ] } },
{ "type": "Feature", "properties": { "track_fid": 0, "track_seg_id": 0, "track_seg_point_id": 297, "ele": 202.0, "time": "2026-06-24T12:19:28Z", "ns3_TrackPointExtension": "            <ns3:hr>155</ns3:hr>            <ns3:cad>88</ns3:cad>          " }, "geometry": { "type": "Point", "coordinates": [ -88.0812456, 41.7883251 ] } },
{ "type": "Feature", "properties": { "track_fid": 0, "track_seg_id": 0, "track_seg_point_id": 298, "ele": 202.0, "time": "2026-06-24T12:19:36Z", "ns3_TrackPointExtension": "            <ns3:hr>157</ns3:hr>            <ns3:cad>89</ns3:cad>          " }, "geometry": { "type": "Point", "coordinates": [ -88.0815216, 41.788314 ] } },
{ "type": "Feature", "properties": { "track_fid": 0, "track_seg_id": 0, "track_seg_point_id": 299, "ele": 202.0, "time": "2026-06-24T12:19:37Z", "ns3_TrackPointExtension": "            <ns3:hr>157</ns3:hr>            <ns3:cad>89</ns3:cad>          " }, "geometry": { "type": "Point", "coordinates": [ -88.0815564, 41.7883144 ] } },
{ "type": "Feature", "properties": { "track_fid": 0, "track_seg_id": 0, "track_seg_point_id": 300, "ele": 202.0, "time": "2026-06-24T12:19:44Z", "ns3_TrackPointExtension": "            <ns3:hr>157</ns3:hr>            <ns3:cad>88</ns3:cad>          " }, "geometry": { "type": "Point", "coordinates": [ -88.0817943, 41.7883453 ] } },
{ "type": "Feature", "properties": { "track_fid": 0, "track_seg_id": 0, "track_seg_point_id": 301, "ele": 202.0, "time": "2026-06-24T12:19:45Z", "ns3_TrackPointExtension": "            <ns3:hr>157</ns3:hr>            <ns3:cad>88</ns3:cad>          " }, "geometry": { "type": "Point", "coordinates": [ -88.0818251, 41.7883521 ] } },
{ "type": "Feature", "properties": { "track_fid": 0, "track_seg_id": 0, "track_seg_point_id": 302, "ele": 202.0, "time": "2026-06-24T12:19:53Z", "ns3_TrackPointExtension": "            <ns3:hr>156</ns3:hr>            <ns3:cad>88</ns3:cad>          " }, "geometry": { "type": "Point", "coordinates": [ -88.0820771, 41.7884204 ] } },
{ "type": "Feature", "properties": { "track_fid": 0, "track_seg_id": 0, "track_seg_point_id": 303, "ele": 202.19999694824219, "time": "2026-06-24T12:19:54Z", "ns3_TrackPointExtension": "            <ns3:hr>156</ns3:hr>            <ns3:cad>88</ns3:cad>          " }, "geometry": { "type": "Point", "coordinates": [ -88.0821059, 41.788433 ] } },
{ "type": "Feature", "properties": { "track_fid": 0, "track_seg_id": 0, "track_seg_point_id": 304, "ele": 203.0, "time": "2026-06-24T12:20:01Z", "ns3_TrackPointExtension": "            <ns3:hr>154</ns3:hr>            <ns3:cad>88</ns3:cad>          " }, "geometry": { "type": "Point", "coordinates": [ -88.0823433, 41.7885036 ] } },
{ "type": "Feature", "properties": { "track_fid": 0, "track_seg_id": 0, "track_seg_point_id": 305, "ele": 203.0, "time": "2026-06-24T12:20:06Z", "ns3_TrackPointExtension": "            <ns3:hr>153</ns3:hr>            <ns3:cad>88</ns3:cad>          " }, "geometry": { "type": "Point", "coordinates": [ -88.0825095, 41.7885556 ] } },
{ "type": "Feature", "properties": { "track_fid": 0, "track_seg_id": 0, "track_seg_point_id": 306, "ele": 203.0, "time": "2026-06-24T12:20:13Z", "ns3_TrackPointExtension": "            <ns3:hr>153</ns3:hr>            <ns3:cad>87</ns3:cad>          " }, "geometry": { "type": "Point", "coordinates": [ -88.0827151, 41.7886321 ] } },
{ "type": "Feature", "properties": { "track_fid": 0, "track_seg_id": 0, "track_seg_point_id": 307, "ele": 203.0, "time": "2026-06-24T12:20:20Z", "ns3_TrackPointExtension": "            <ns3:hr>154</ns3:hr>            <ns3:cad>87</ns3:cad>          " }, "geometry": { "type": "Point", "coordinates": [ -88.0829407, 41.7886991 ] } },
{ "type": "Feature", "properties": { "track_fid": 0, "track_seg_id": 0, "track_seg_point_id": 308, "ele": 203.0, "time": "2026-06-24T12:20:25Z", "ns3_TrackPointExtension": "            <ns3:hr>154</ns3:hr>            <ns3:cad>86</ns3:cad>          " }, "geometry": { "type": "Point", "coordinates": [ -88.082994, 41.7888163 ] } },
{ "type": "Feature", "properties": { "track_fid": 0, "track_seg_id": 0, "track_seg_point_id": 309, "ele": 203.0, "time": "2026-06-24T12:20:32Z", "ns3_TrackPointExtension": "            <ns3:hr>154</ns3:hr>            <ns3:cad>88</ns3:cad>          " }, "geometry": { "type": "Point", "coordinates": [ -88.0829697, 41.789011 ] } },
{ "type": "Feature", "properties": { "track_fid": 0, "track_seg_id": 0, "track_seg_point_id": 310, "ele": 203.0, "time": "2026-06-24T12:20:34Z", "ns3_TrackPointExtension": "            <ns3:hr>154</ns3:hr>            <ns3:cad>88</ns3:cad>          " }, "geometry": { "type": "Point", "coordinates": [ -88.0829414, 41.7890594 ] } },
{ "type": "Feature", "properties": { "track_fid": 0, "track_seg_id": 0, "track_seg_point_id": 311, "ele": 203.0, "time": "2026-06-24T12:20:41Z", "ns3_TrackPointExtension": "            <ns3:hr>152</ns3:hr>            <ns3:cad>87</ns3:cad>          " }, "geometry": { "type": "Point", "coordinates": [ -88.0828381, 41.7892265 ] } },
{ "type": "Feature", "properties": { "track_fid": 0, "track_seg_id": 0, "track_seg_point_id": 312, "ele": 203.0, "time": "2026-06-24T12:20:43Z", "ns3_TrackPointExtension": "            <ns3:hr>152</ns3:hr>            <ns3:cad>87</ns3:cad>          " }, "geometry": { "type": "Point", "coordinates": [ -88.0828155, 41.7892811 ] } },
{ "type": "Feature", "properties": { "track_fid": 0, "track_seg_id": 0, "track_seg_point_id": 313, "ele": 203.0, "time": "2026-06-24T12:20:50Z", "ns3_TrackPointExtension": "            <ns3:hr>152</ns3:hr>            <ns3:cad>88</ns3:cad>          " }, "geometry": { "type": "Point", "coordinates": [ -88.0827848, 41.7894634 ] } },
{ "type": "Feature", "properties": { "track_fid": 0, "track_seg_id": 0, "track_seg_point_id": 314, "ele": 203.0, "time": "2026-06-24T12:20:51Z", "ns3_TrackPointExtension": "            <ns3:hr>152</ns3:hr>            <ns3:cad>88</ns3:cad>          " }, "geometry": { "type": "Point", "coordinates": [ -88.0827857, 41.789488 ] } },
{ "type": "Feature", "properties": { "track_fid": 0, "track_seg_id": 0, "track_seg_point_id": 315, "ele": 203.0, "time": "2026-06-24T12:20:57Z", "ns3_TrackPointExtension": "            <ns3:hr>152</ns3:hr>            <ns3:cad>87</ns3:cad>          " }, "geometry": { "type": "Point", "coordinates": [ -88.082689, 41.7896155 ] } },
{ "type": "Feature", "properties": { "track_fid": 0, "track_seg_id": 0, "track_seg_point_id": 316, "ele": 203.0, "time": "2026-06-24T12:21:04Z", "ns3_TrackPointExtension": "            <ns3:hr>152</ns3:hr>            <ns3:cad>88</ns3:cad>          " }, "geometry": { "type": "Point", "coordinates": [ -88.0824516, 41.7897105 ] } },
{ "type": "Feature", "properties": { "track_fid": 0, "track_seg_id": 0, "track_seg_point_id": 317, "ele": 203.0, "time": "2026-06-24T12:21:10Z", "ns3_TrackPointExtension": "            <ns3:hr>151</ns3:hr>            <ns3:cad>88</ns3:cad>          " }, "geometry": { "type": "Point", "coordinates": [ -88.0822884, 41.7898422 ] } },
{ "type": "Feature", "properties": { "track_fid": 0, "track_seg_id": 0, "track_seg_point_id": 318, "ele": 203.0, "time": "2026-06-24T12:21:11Z", "ns3_TrackPointExtension": "            <ns3:hr>151</ns3:hr>            <ns3:cad>88</ns3:cad>          " }, "geometry": { "type": "Point", "coordinates": [ -88.0822672, 41.7898628 ] } },
{ "type": "Feature", "properties": { "track_fid": 0, "track_seg_id": 0, "track_seg_point_id": 319, "ele": 203.0, "time": "2026-06-24T12:21:18Z", "ns3_TrackPointExtension": "            <ns3:hr>151</ns3:hr>            <ns3:cad>89</ns3:cad>          " }, "geometry": { "type": "Point", "coordinates": [ -88.0821668, 41.7900272 ] } },
{ "type": "Feature", "properties": { "track_fid": 0, "track_seg_id": 0, "track_seg_point_id": 320, "ele": 203.0, "time": "2026-06-24T12:21:20Z", "ns3_TrackPointExtension": "            <ns3:hr>153</ns3:hr>            <ns3:cad>88</ns3:cad>          " }, "geometry": { "type": "Point", "coordinates": [ -88.0821547, 41.7900773 ] } },
{ "type": "Feature", "properties": { "track_fid": 0, "track_seg_id": 0, "track_seg_point_id": 321, "ele": 203.0, "time": "2026-06-24T12:21:22Z", "ns3_TrackPointExtension": "            <ns3:hr>156</ns3:hr>            <ns3:cad>88</ns3:cad>          " }, "geometry": { "type": "Point", "coordinates": [ -88.0821549, 41.790125 ] } },
{ "type": "Feature", "properties": { "track_fid": 0, "track_seg_id": 0, "track_seg_point_id": 322, "ele": 203.0, "time": "2026-06-24T12:21:26Z", "ns3_TrackPointExtension": "            <ns3:hr>157</ns3:hr>            <ns3:cad>88</ns3:cad>          " }, "geometry": { "type": "Point", "coordinates": [ -88.0821955, 41.7902229 ] } },
{ "type": "Feature", "properties": { "track_fid": 0, "track_seg_id": 0, "track_seg_point_id": 323, "ele": 203.0, "time": "2026-06-24T12:21:31Z", "ns3_TrackPointExtension": "            <ns3:hr>160</ns3:hr>            <ns3:cad>88</ns3:cad>          " }, "geometry": { "type": "Point", "coordinates": [ -88.0822618, 41.790346 ] } },
{ "type": "Feature", "properties": { "track_fid": 0, "track_seg_id": 0, "track_seg_point_id": 324, "ele": 203.0, "time": "2026-06-24T12:21:35Z", "ns3_TrackPointExtension": "            <ns3:hr>161</ns3:hr>            <ns3:cad>88</ns3:cad>          " }, "geometry": { "type": "Point", "coordinates": [ -88.0823216, 41.7904535 ] } },
{ "type": "Feature", "properties": { "track_fid": 0, "track_seg_id": 0, "track_seg_point_id": 325, "ele": 203.19999694824219, "time": "2026-06-24T12:21:42Z", "ns3_TrackPointExtension": "            <ns3:hr>161</ns3:hr>            <ns3:cad>88</ns3:cad>          " }, "geometry": { "type": "Point", "coordinates": [ -88.0824216, 41.7906385 ] } },
{ "type": "Feature", "properties": { "track_fid": 0, "track_seg_id": 0, "track_seg_point_id": 326, "ele": 203.60000610351562, "time": "2026-06-24T12:21:45Z", "ns3_TrackPointExtension": "            <ns3:hr>162</ns3:hr>            <ns3:cad>88</ns3:cad>          " }, "geometry": { "type": "Point", "coordinates": [ -88.0824258, 41.7907145 ] } },
{ "type": "Feature", "properties": { "track_fid": 0, "track_seg_id": 0, "track_seg_point_id": 327, "ele": 203.19999694824219, "time": "2026-06-24T12:21:52Z", "ns3_TrackPointExtension": "            <ns3:hr>162</ns3:hr>            <ns3:cad>88</ns3:cad>          " }, "geometry": { "type": "Point", "coordinates": [ -88.0823416, 41.7909111 ] } },
{ "type": "Feature", "properties": { "track_fid": 0, "track_seg_id": 0, "track_seg_point_id": 328, "ele": 203.19999694824219, "time": "2026-06-24T12:21:54Z", "ns3_TrackPointExtension": "            <ns3:hr>162</ns3:hr>            <ns3:cad>89</ns3:cad>          " }, "geometry": { "type": "Point", "coordinates": [ -88.0823158, 41.7909652 ] } },
{ "type": "Feature", "properties": { "track_fid": 0, "track_seg_id": 0, "track_seg_point_id": 329, "ele": 203.0, "time": "2026-06-24T12:22:01Z", "ns3_TrackPointExtension": "            <ns3:hr>162</ns3:hr>            <ns3:cad>89</ns3:cad>          " }, "geometry": { "type": "Point", "coordinates": [ -88.0822203, 41.791138 ] } },
{ "type": "Feature", "properties": { "track_fid": 0, "track_seg_id": 0, "track_seg_point_id": 330, "ele": 203.0, "time": "2026-06-24T12:22:03Z", "ns3_TrackPointExtension": "            <ns3:hr>162</ns3:hr>            <ns3:cad>89</ns3:cad>          " }, "geometry": { "type": "Point", "coordinates": [ -88.0822043, 41.7911908 ] } },
{ "type": "Feature", "properties": { "track_fid": 0, "track_seg_id": 0, "track_seg_point_id": 331, "ele": 203.0, "time": "2026-06-24T12:22:10Z", "ns3_TrackPointExtension": "            <ns3:hr>162</ns3:hr>            <ns3:cad>89</ns3:cad>          " }, "geometry": { "type": "Point", "coordinates": [ -88.082163, 41.7913919 ] } },
{ "type": "Feature", "properties": { "track_fid": 0, "track_seg_id": 0, "track_seg_point_id": 332, "ele": 203.0, "time": "2026-06-24T12:22:12Z", "ns3_TrackPointExtension": "            <ns3:hr>161</ns3:hr>            <ns3:cad>89</ns3:cad>          " }, "geometry": { "type": "Point", "coordinates": [ -88.0821639, 41.7914495 ] } },
{ "type": "Feature", "properties": { "track_fid": 0, "track_seg_id": 0, "track_seg_point_id": 333, "ele": 203.0, "time": "2026-06-24T12:22:19Z", "ns3_TrackPointExtension": "            <ns3:hr>161</ns3:hr>            <ns3:cad>88</ns3:cad>          " }, "geometry": { "type": "Point", "coordinates": [ -88.0821771, 41.7916348 ] } },
{ "type": "Feature", "properties": { "track_fid": 0, "track_seg_id": 0, "track_seg_point_id": 334, "ele": 203.0, "time": "2026-06-24T12:22:22Z", "ns3_TrackPointExtension": "            <ns3:hr>160</ns3:hr>            <ns3:cad>89</ns3:cad>          " }, "geometry": { "type": "Point", "coordinates": [ -88.0821453, 41.7917179 ] } },
{ "type": "Feature", "properties": { "track_fid": 0, "track_seg_id": 0, "track_seg_point_id": 335, "ele": 203.0, "time": "2026-06-24T12:22:29Z", "ns3_TrackPointExtension": "            <ns3:hr>160</ns3:hr>            <ns3:cad>88</ns3:cad>          " }, "geometry": { "type": "Point", "coordinates": [ -88.0819402, 41.7918548 ] } },
{ "type": "Feature", "properties": { "track_fid": 0, "track_seg_id": 0, "track_seg_point_id": 336, "ele": 203.0, "time": "2026-06-24T12:22:35Z", "ns3_TrackPointExtension": "            <ns3:hr>160</ns3:hr>            <ns3:cad>88</ns3:cad>          " }, "geometry": { "type": "Point", "coordinates": [ -88.0817248, 41.7919468 ] } },
{ "type": "Feature", "properties": { "track_fid": 0, "track_seg_id": 0, "track_seg_point_id": 337, "ele": 203.0, "time": "2026-06-24T12:22:36Z", "ns3_TrackPointExtension": "            <ns3:hr>160</ns3:hr>            <ns3:cad>88</ns3:cad>          " }, "geometry": { "type": "Point", "coordinates": [ -88.0816857, 41.7919519 ] } },
{ "type": "Feature", "properties": { "track_fid": 0, "track_seg_id": 0, "track_seg_point_id": 338, "ele": 203.0, "time": "2026-06-24T12:22:41Z", "ns3_TrackPointExtension": "            <ns3:hr>160</ns3:hr>            <ns3:cad>89</ns3:cad>          " }, "geometry": { "type": "Point", "coordinates": [ -88.0815083, 41.7919008 ] } },
{ "type": "Feature", "properties": { "track_fid": 0, "track_seg_id": 0, "track_seg_point_id": 339, "ele": 203.0, "time": "2026-06-24T12:22:48Z", "ns3_TrackPointExtension": "            <ns3:hr>160</ns3:hr>            <ns3:cad>87</ns3:cad>          " }, "geometry": { "type": "Point", "coordinates": [ -88.0813524, 41.791765 ] } },
{ "type": "Feature", "properties": { "track_fid": 0, "track_seg_id": 0, "track_seg_point_id": 340, "ele": 203.0, "time": "2026-06-24T12:22:55Z", "ns3_TrackPointExtension": "            <ns3:hr>163</ns3:hr>            <ns3:cad>87</ns3:cad>          " }, "geometry": { "type": "Point", "coordinates": [ -88.0812634, 41.7915865 ] } },
{ "type": "Feature", "properties": { "track_fid": 0, "track_seg_id": 0, "track_seg_point_id": 341, "ele": 203.0, "time": "2026-06-24T12:22:56Z", "ns3_TrackPointExtension": "            <ns3:hr>164</ns3:hr>            <ns3:cad>87</ns3:cad>          " }, "geometry": { "type": "Point", "coordinates": [ -88.081248, 41.7915613 ] } },
{ "type": "Feature", "properties": { "track_fid": 0, "track_seg_id": 0, "track_seg_point_id": 342, "ele": 203.0, "time": "2026-06-24T12:23:03Z", "ns3_TrackPointExtension": "            <ns3:hr>164</ns3:hr>            <ns3:cad>88</ns3:cad>          " }, "geometry": { "type": "Point", "coordinates": [ -88.0812001, 41.7913572 ] } },
{ "type": "Feature", "properties": { "track_fid": 0, "track_seg_id": 0, "track_seg_point_id": 343, "ele": 203.0, "time": "2026-06-24T12:23:04Z", "ns3_TrackPointExtension": "            <ns3:hr>164</ns3:hr>            <ns3:cad>88</ns3:cad>          " }, "geometry": { "type": "Point", "coordinates": [ -88.0811889, 41.7913253 ] } },
{ "type": "Feature", "properties": { "track_fid": 0, "track_seg_id": 0, "track_seg_point_id": 344, "ele": 203.0, "time": "2026-06-24T12:23:06Z", "ns3_TrackPointExtension": "            <ns3:hr>165</ns3:hr>            <ns3:cad>88</ns3:cad>          " }, "geometry": { "type": "Point", "coordinates": [ -88.0811685, 41.7912675 ] } },
{ "type": "Feature", "properties": { "track_fid": 0, "track_seg_id": 0, "track_seg_point_id": 345, "ele": 203.0, "time": "2026-06-24T12:23:09Z", "ns3_TrackPointExtension": "            <ns3:hr>166</ns3:hr>            <ns3:cad>86</ns3:cad>          " }, "geometry": { "type": "Point", "coordinates": [ -88.0811477, 41.7911896 ] } }
]
}
